"DAY(collection_week)","Comparisons","question_label","rolling_mean","Subgroups","rolling_n","Max of current_period","Max of previous_period"
2024-07-22 00:00:00,"ACP Community Type","Civic Intent score",,,405,0,0
2024-07-22 00:00:00,"Age","Civic Intent score",,,400,0,0
2024-07-22 00:00:00,"All","Civic Intent score",,,400,0,0
2024-07-22 00:00:00,"Children in Home","Civic Intent score",,,400,0,0
2024-07-22 00:00:00,"Demographics","Civic Intent score",,,400,0,0
2024-07-22 00:00:00,"Ethnicity","Civic Intent score",,,453,0,0
2024-07-22 00:00:00,"Gender","Civic Intent score",,,404,0,0
2024-07-22 00:00:00,"Giver Type","Civic Intent score",,,1166,0,0
2024-07-22 00:00:00,"State","Civic Intent score",,,402,0,0
2024-07-29 00:00:00,"ACP Community Type","Civic Intent score",,,398,0,0
2024-07-29 00:00:00,"Age","Civic Intent score",,,400,0,0
2024-07-29 00:00:00,"All","Civic Intent score",,,400,0,0
2024-07-29 00:00:00,"Children in Home","Civic Intent score",,,400,0,0
2024-07-29 00:00:00,"Demographics","Civic Intent score",,,400,0,0
2024-07-29 00:00:00,"Ethnicity","Civic Intent score",,,445,0,0
2024-07-29 00:00:00,"Gender","Civic Intent score",,,400,0,0
2024-07-29 00:00:00,"Giver Type","Civic Intent score",,,1200,0,0
2024-07-29 00:00:00,"State","Civic Intent score",,,391,0,0
2024-08-05 00:00:00,"ACP Community Type","Civic Intent score",,,400,0,0
2024-08-05 00:00:00,"Age","Civic Intent score",,,401,0,0
2024-08-05 00:00:00,"All","Civic Intent score",,,401,0,0
2024-08-05 00:00:00,"Children in Home","Civic Intent score",,,401,0,0
2024-08-05 00:00:00,"Demographics","Civic Intent score",,,401,0,0
2024-08-05 00:00:00,"Ethnicity","Civic Intent score",,,436,0,0
2024-08-05 00:00:00,"Gender","Civic Intent score",,,398,0,0
2024-08-05 00:00:00,"Giver Type","Civic Intent score",,,1216,0,0
2024-08-05 00:00:00,"State","Civic Intent score",,,372,0,0
2024-08-12 00:00:00,"ACP Community Type","Civic Intent score",,,404,0,0
2024-08-12 00:00:00,"Age","Civic Intent score",,,403,0,0
2024-08-12 00:00:00,"All","Civic Intent score",,,403,0,0
2024-08-12 00:00:00,"Children in Home","Civic Intent score",,,403,0,0
2024-08-12 00:00:00,"Demographics","Civic Intent score",,,403,0,0
2024-08-12 00:00:00,"Ethnicity","Civic Intent score",,,433,0,0
2024-08-12 00:00:00,"Gender","Civic Intent score",,,406,0,0
2024-08-12 00:00:00,"Giver Type","Civic Intent score",,,1219,0,0
2024-08-12 00:00:00,"State","Civic Intent score",,,412,0,0
2024-08-19 00:00:00,"ACP Community Type","Civic Intent score",,,402,0,0
2024-08-19 00:00:00,"Age","Civic Intent score",,,403,0,0
2024-08-19 00:00:00,"All","Civic Intent score",,,403,0,0
2024-08-19 00:00:00,"Children in Home","Civic Intent score",,,403,0,0
2024-08-19 00:00:00,"Demographics","Civic Intent score",,,403,0,0
2024-08-19 00:00:00,"Ethnicity","Civic Intent score",,,416,0,0
2024-08-19 00:00:00,"Gender","Civic Intent score",,,399,0,0
2024-08-19 00:00:00,"Giver Type","Civic Intent score",,,1185,0,0
2024-08-19 00:00:00,"State","Civic Intent score",,,408,0,0
2024-08-26 00:00:00,"ACP Community Type","Civic Intent score",,,408,0,0
2024-08-26 00:00:00,"Age","Civic Intent score",,,403,0,0
2024-08-26 00:00:00,"All","Civic Intent score",,,403,0,0
2024-08-26 00:00:00,"Children in Home","Civic Intent score",,,403,0,0
2024-08-26 00:00:00,"Demographics","Civic Intent score",,,403,0,0
2024-08-26 00:00:00,"Ethnicity","Civic Intent score",,,437,0,0
2024-08-26 00:00:00,"Gender","Civic Intent score",,,400,0,0
2024-08-26 00:00:00,"Giver Type","Civic Intent score",,,1175,0,0
2024-08-26 00:00:00,"State","Civic Intent score",,,395,0,0
2024-09-02 00:00:00,"ACP Community Type","Civic Intent score",,,409,0,0
2024-09-02 00:00:00,"Age","Civic Intent score",,,403,0,0
2024-09-02 00:00:00,"All","Civic Intent score",,,403,0,0
2024-09-02 00:00:00,"Children in Home","Civic Intent score",,,403,0,0
2024-09-02 00:00:00,"Demographics","Civic Intent score",,,403,0,0
2024-09-02 00:00:00,"Ethnicity","Civic Intent score",,,426,0,0
2024-09-02 00:00:00,"Gender","Civic Intent score",,,400,0,0
2024-09-02 00:00:00,"Giver Type","Civic Intent score",,,1148,0,0
2024-09-02 00:00:00,"State","Civic Intent score",,,436,0,0
2024-09-09 00:00:00,"ACP Community Type","Civic Intent score",,,403,0,0
2024-09-09 00:00:00,"Age","Civic Intent score",,,402,0,0
2024-09-09 00:00:00,"All","Civic Intent score",,,402,0,0
2024-09-09 00:00:00,"Children in Home","Civic Intent score",,,402,0,0
2024-09-09 00:00:00,"Demographics","Civic Intent score",,,402,0,0
2024-09-09 00:00:00,"Ethnicity","Civic Intent score",,,431,0,0
2024-09-09 00:00:00,"Gender","Civic Intent score",,,409,0,0
2024-09-09 00:00:00,"Giver Type","Civic Intent score",,,1096,0,0
2024-09-09 00:00:00,"State","Civic Intent score",,,385,0,0
2024-09-16 00:00:00,"ACP Community Type","Civic Intent score",,,397,0,0
2024-09-16 00:00:00,"Age","Civic Intent score",,,403,0,0
2024-09-16 00:00:00,"All","Civic Intent score",,,403,0,0
2024-09-16 00:00:00,"Children in Home","Civic Intent score",,,403,0,0
2024-09-16 00:00:00,"Demographics","Civic Intent score",,,403,0,0
2024-09-16 00:00:00,"Ethnicity","Civic Intent score",,,429,0,0
2024-09-16 00:00:00,"Gender","Civic Intent score",,,401,0,0
2024-09-16 00:00:00,"Giver Type","Civic Intent score",,,1097,0,0
2024-09-16 00:00:00,"State","Civic Intent score",,,406,0,0
2024-09-23 00:00:00,"ACP Community Type","Civic Intent score",,,400,0,0
2024-09-23 00:00:00,"Age","Civic Intent score",,,404,0,0
2024-09-23 00:00:00,"All","Civic Intent score",,,404,0,0
2024-09-23 00:00:00,"Children in Home","Civic Intent score",,,404,0,0
2024-09-23 00:00:00,"Demographics","Civic Intent score",,,404,0,0
2024-09-23 00:00:00,"Ethnicity","Civic Intent score",,,417,0,0
2024-09-23 00:00:00,"Gender","Civic Intent score",,,405,0,0
2024-09-23 00:00:00,"Giver Type","Civic Intent score",,,1086,0,0
2024-09-23 00:00:00,"State","Civic Intent score",,,395,0,0
2024-09-30 00:00:00,"ACP Community Type","Civic Intent score",,,408,0,0
2024-09-30 00:00:00,"Age","Civic Intent score",,,405,0,0
2024-09-30 00:00:00,"All","Civic Intent score",,,405,0,0
2024-09-30 00:00:00,"Children in Home","Civic Intent score",,,405,0,0
2024-09-30 00:00:00,"Demographics","Civic Intent score",,,405,0,0
2024-09-30 00:00:00,"Ethnicity","Civic Intent score",,,425,0,0
2024-09-30 00:00:00,"Gender","Civic Intent score",,,402,0,0
2024-09-30 00:00:00,"Giver Type","Civic Intent score",,,1121,0,0
2024-09-30 00:00:00,"State","Civic Intent score",,,423,0,0
2024-10-07 00:00:00,"ACP Community Type","Civic Intent score",,,410,0,108.77094972067039
2024-10-07 00:00:00,"Age","Civic Intent score",,,405,0,80.90131091287593
2024-10-07 00:00:00,"All","Civic Intent score",,,405,0,66.01561522670616
2024-10-07 00:00:00,"Children in Home","Civic Intent score",,,405,0,76.78105016567395
2024-10-07 00:00:00,"Demographics","Civic Intent score",,,405,0,80.69964253623193
2024-10-07 00:00:00,"Ethnicity","Civic Intent score",,,430,0,94.32960893854747
2024-10-07 00:00:00,"Gender","Civic Intent score",,,404,0,85.61717877094972
2024-10-07 00:00:00,"Giver Type","Civic Intent score",,,1201,0,89.6973954277409
2024-10-07 00:00:00,"State","Civic Intent score",,,396,0,106.77374301675977
2024-10-14 00:00:00,"ACP Community Type","Civic Intent score",,,397,0,108.77094972067039
2024-10-14 00:00:00,"Age","Civic Intent score",,,404,0,80.90131091287593
2024-10-14 00:00:00,"All","Civic Intent score",,,404,0,66.01561522670616
2024-10-14 00:00:00,"Children in Home","Civic Intent score",,,404,0,76.78105016567395
2024-10-14 00:00:00,"Demographics","Civic Intent score",,,404,0,80.69964253623193
2024-10-14 00:00:00,"Ethnicity","Civic Intent score",,,427,0,94.32960893854747
2024-10-14 00:00:00,"Gender","Civic Intent score",,,403,0,85.61717877094972
2024-10-14 00:00:00,"Giver Type","Civic Intent score",,,1224,0,89.6973954277409
2024-10-14 00:00:00,"State","Civic Intent score",,,410,0,106.77374301675977
2024-10-21 00:00:00,"ACP Community Type","Civic Intent score",,,401,0,108.77094972067039
2024-10-21 00:00:00,"Age","Civic Intent score",,,404,0,80.90131091287593
2024-10-21 00:00:00,"All","Civic Intent score",,,404,0,66.01561522670616
2024-10-21 00:00:00,"Children in Home","Civic Intent score",,,404,0,76.78105016567395
2024-10-21 00:00:00,"Demographics","Civic Intent score",,,404,0,80.69964253623193
2024-10-21 00:00:00,"Ethnicity","Civic Intent score",,,426,0,94.32960893854747
2024-10-21 00:00:00,"Gender","Civic Intent score",,,404,0,85.61717877094972
2024-10-21 00:00:00,"Giver Type","Civic Intent score",,,1188,0,89.6973954277409
2024-10-21 00:00:00,"State","Civic Intent score",,,418,0,106.77374301675977
2024-10-28 00:00:00,"ACP Community Type","Civic Intent score",,,389,0,108.77094972067039
2024-10-28 00:00:00,"Age","Civic Intent score",,,406,0,80.90131091287593
2024-10-28 00:00:00,"All","Civic Intent score",,,406,0,66.01561522670616
2024-10-28 00:00:00,"Children in Home","Civic Intent score",,,406,0,76.78105016567395
2024-10-28 00:00:00,"Demographics","Civic Intent score",,,406,0,80.69964253623193
2024-10-28 00:00:00,"Ethnicity","Civic Intent score",,,418,0,94.32960893854747
2024-10-28 00:00:00,"Gender","Civic Intent score",,,406,0,85.61717877094972
2024-10-28 00:00:00,"Giver Type","Civic Intent score",,,1211,0,89.6973954277409
2024-10-28 00:00:00,"State","Civic Intent score",,,384,0,106.77374301675977
2024-11-04 00:00:00,"ACP Community Type","Civic Intent score",,,419,0,108.77094972067039
2024-11-04 00:00:00,"Age","Civic Intent score",,,405,0,80.90131091287593
2024-11-04 00:00:00,"All","Civic Intent score",,,405,0,66.01561522670616
2024-11-04 00:00:00,"Children in Home","Civic Intent score",,,405,0,76.78105016567395
2024-11-04 00:00:00,"Demographics","Civic Intent score",,,405,0,80.69964253623193
2024-11-04 00:00:00,"Ethnicity","Civic Intent score",,,430,0,94.32960893854747
2024-11-04 00:00:00,"Gender","Civic Intent score",,,405,0,85.61717877094972
2024-11-04 00:00:00,"Giver Type","Civic Intent score",,,1181,0,89.6973954277409
2024-11-04 00:00:00,"State","Civic Intent score",,,422,0,106.77374301675977
2024-11-11 00:00:00,"ACP Community Type","Civic Intent score",,,411,0,108.77094972067039
2024-11-11 00:00:00,"Age","Civic Intent score",,,405,0,80.90131091287593
2024-11-11 00:00:00,"All","Civic Intent score",,,405,0,66.01561522670616
2024-11-11 00:00:00,"Children in Home","Civic Intent score",,,405,0,76.78105016567395
2024-11-11 00:00:00,"Demographics","Civic Intent score",,,405,0,80.69964253623193
2024-11-11 00:00:00,"Ethnicity","Civic Intent score",,,426,0,94.32960893854747
2024-11-11 00:00:00,"Gender","Civic Intent score",,,408,0,85.61717877094972
2024-11-11 00:00:00,"Giver Type","Civic Intent score",,,1190,0,89.6973954277409
2024-11-11 00:00:00,"State","Civic Intent score",,,378,0,106.77374301675977
2024-11-18 00:00:00,"ACP Community Type","Civic Intent score",,,405,0,108.77094972067039
2024-11-18 00:00:00,"Age","Civic Intent score",,,405,0,80.90131091287593
2024-11-18 00:00:00,"All","Civic Intent score",,,405,0,66.01561522670616
2024-11-18 00:00:00,"Children in Home","Civic Intent score",,,405,0,76.78105016567395
2024-11-18 00:00:00,"Demographics","Civic Intent score",,,405,0,80.69964253623193
2024-11-18 00:00:00,"Ethnicity","Civic Intent score",,,429,0,94.32960893854747
2024-11-18 00:00:00,"Gender","Civic Intent score",,,404,0,85.61717877094972
2024-11-18 00:00:00,"Giver Type","Civic Intent score",,,1261,0,89.6973954277409
2024-11-18 00:00:00,"State","Civic Intent score",,,420,0,106.77374301675977
2024-11-25 00:00:00,"ACP Community Type","Civic Intent score",,,397,0,108.77094972067039
2024-11-25 00:00:00,"Age","Civic Intent score",,,402,0,80.90131091287593
2024-11-25 00:00:00,"All","Civic Intent score",,,402,0,66.01561522670616
2024-11-25 00:00:00,"Children in Home","Civic Intent score",,,402,0,76.78105016567395
2024-11-25 00:00:00,"Demographics","Civic Intent score",,,402,0,80.69964253623193
2024-11-25 00:00:00,"Ethnicity","Civic Intent score",,,440,0,94.32960893854747
2024-11-25 00:00:00,"Gender","Civic Intent score",,,404,0,85.61717877094972
2024-11-25 00:00:00,"Giver Type","Civic Intent score",,,1255,0,89.6973954277409
2024-11-25 00:00:00,"State","Civic Intent score",,,415,0,106.77374301675977
2024-12-02 00:00:00,"ACP Community Type","Civic Intent score",,,398,0,108.77094972067039
2024-12-02 00:00:00,"Age","Civic Intent score",,,402,0,80.90131091287593
2024-12-02 00:00:00,"All","Civic Intent score",,,402,0,66.01561522670616
2024-12-02 00:00:00,"Children in Home","Civic Intent score",,,402,0,76.78105016567395
2024-12-02 00:00:00,"Demographics","Civic Intent score",,,402,0,80.69964253623193
2024-12-02 00:00:00,"Ethnicity","Civic Intent score",,,436,0,94.32960893854747
2024-12-02 00:00:00,"Gender","Civic Intent score",,,400,0,85.61717877094972
2024-12-02 00:00:00,"Giver Type","Civic Intent score",,,1262,0,89.6973954277409
2024-12-02 00:00:00,"State","Civic Intent score",,,403,0,106.77374301675977
2024-12-09 00:00:00,"ACP Community Type","Civic Intent score",,,414,0,108.77094972067039
2024-12-09 00:00:00,"Age","Civic Intent score",,,403,0,80.90131091287593
2024-12-09 00:00:00,"All","Civic Intent score",,,403,0,66.01561522670616
2024-12-09 00:00:00,"Children in Home","Civic Intent score",,,403,0,76.78105016567395
2024-12-09 00:00:00,"Demographics","Civic Intent score",,,403,0,80.69964253623193
2024-12-09 00:00:00,"Ethnicity","Civic Intent score",,,431,0,94.32960893854747
2024-12-09 00:00:00,"Gender","Civic Intent score",,,406,0,85.61717877094972
2024-12-09 00:00:00,"Giver Type","Civic Intent score",,,1275,0,89.6973954277409
2024-12-09 00:00:00,"State","Civic Intent score",,,402,0,106.77374301675977
2024-12-16 00:00:00,"ACP Community Type","Civic Intent score",,,398,0,108.77094972067039
2024-12-16 00:00:00,"Age","Civic Intent score",,,404,0,80.90131091287593
2024-12-16 00:00:00,"All","Civic Intent score",,,404,0,66.01561522670616
2024-12-16 00:00:00,"Children in Home","Civic Intent score",,,404,0,76.78105016567395
2024-12-16 00:00:00,"Demographics","Civic Intent score",,,404,0,80.69964253623193
2024-12-16 00:00:00,"Ethnicity","Civic Intent score",,,440,0,94.32960893854747
2024-12-16 00:00:00,"Gender","Civic Intent score",,,405,0,85.61717877094972
2024-12-16 00:00:00,"Giver Type","Civic Intent score",,,1265,0,89.6973954277409
2024-12-16 00:00:00,"State","Civic Intent score",,,395,0,106.77374301675977
2024-12-23 00:00:00,"ACP Community Type","Civic Intent score",,,392,0,108.77094972067039
2024-12-23 00:00:00,"Age","Civic Intent score",,,404,0,80.90131091287593
2024-12-23 00:00:00,"All","Civic Intent score",,,404,0,66.01561522670616
2024-12-23 00:00:00,"Children in Home","Civic Intent score",,,404,0,76.78105016567395
2024-12-23 00:00:00,"Demographics","Civic Intent score",,,404,0,80.69964253623193
2024-12-23 00:00:00,"Ethnicity","Civic Intent score",,,429,0,94.32960893854747
2024-12-23 00:00:00,"Gender","Civic Intent score",,,406,0,85.61717877094972
2024-12-23 00:00:00,"Giver Type","Civic Intent score",,,1238,0,89.6973954277409
2024-12-23 00:00:00,"State","Civic Intent score",,,424,0,106.77374301675977
2024-12-30 00:00:00,"ACP Community Type","Civic Intent score",,,407,0,108.77094972067039
2024-12-30 00:00:00,"Age","Civic Intent score",,,405,0,80.90131091287593
2024-12-30 00:00:00,"All","Civic Intent score",,,405,0,66.01561522670616
2024-12-30 00:00:00,"Children in Home","Civic Intent score",,,405,0,76.78105016567395
2024-12-30 00:00:00,"Demographics","Civic Intent score",,,405,0,80.69964253623193
2024-12-30 00:00:00,"Ethnicity","Civic Intent score",,,435,0,94.32960893854747
2024-12-30 00:00:00,"Gender","Civic Intent score",,,402,0,85.61717877094972
2024-12-30 00:00:00,"Giver Type","Civic Intent score",,,1234,0,89.6973954277409
2024-12-30 00:00:00,"State","Civic Intent score",,,381,0,106.77374301675977
2025-01-06 00:00:00,"ACP Community Type","Civic Intent score",,,413,108.77094972067039,0
2025-01-06 00:00:00,"Age","Civic Intent score",,,408,80.90131091287593,0
2025-01-06 00:00:00,"All","Civic Intent score",,,408,66.01561522670616,0
2025-01-06 00:00:00,"Children in Home","Civic Intent score",,,408,76.78105016567395,0
2025-01-06 00:00:00,"Demographics","Civic Intent score",,,408,80.69964253623193,0
2025-01-06 00:00:00,"Ethnicity","Civic Intent score",,,440,94.32960893854747,0
2025-01-06 00:00:00,"Gender","Civic Intent score",,,412,85.61717877094972,0
2025-01-06 00:00:00,"Giver Type","Civic Intent score",,,1232,89.6973954277409,0
2025-01-06 00:00:00,"State","Civic Intent score",,,400,106.77374301675977,0
2025-01-13 00:00:00,"ACP Community Type","Civic Intent score",,,404,108.77094972067039,0
2025-01-13 00:00:00,"Age","Civic Intent score",,,407,80.90131091287593,0
2025-01-13 00:00:00,"All","Civic Intent score",,,407,66.01561522670616,0
2025-01-13 00:00:00,"Children in Home","Civic Intent score",,,407,76.78105016567395,0
2025-01-13 00:00:00,"Demographics","Civic Intent score",,,407,80.69964253623193,0
2025-01-13 00:00:00,"Ethnicity","Civic Intent score",,,434,94.32960893854747,0
2025-01-13 00:00:00,"Gender","Civic Intent score",,,407,85.61717877094972,0
2025-01-13 00:00:00,"Giver Type","Civic Intent score",,,1199,89.6973954277409,0
2025-01-13 00:00:00,"State","Civic Intent score",,,399,106.77374301675977,0
2025-01-20 00:00:00,"ACP Community Type","Civic Intent score",,,408,108.77094972067039,0
2025-01-20 00:00:00,"Age","Civic Intent score",,,409,80.90131091287593,0
2025-01-20 00:00:00,"All","Civic Intent score",,,409,66.01561522670616,0
2025-01-20 00:00:00,"Children in Home","Civic Intent score",,,409,76.78105016567395,0
2025-01-20 00:00:00,"Demographics","Civic Intent score",,,409,80.69964253623193,0
2025-01-20 00:00:00,"Ethnicity","Civic Intent score",,,438,94.32960893854747,0
2025-01-20 00:00:00,"Gender","Civic Intent score",,,406,85.61717877094972,0
2025-01-20 00:00:00,"Giver Type","Civic Intent score",,,1191,89.6973954277409,0
2025-01-20 00:00:00,"State","Civic Intent score",,,409,106.77374301675977,0
2025-01-27 00:00:00,"ACP Community Type","Civic Intent score",,,409,108.77094972067039,0
2025-01-27 00:00:00,"Age","Civic Intent score",,,410,80.90131091287593,0
2025-01-27 00:00:00,"All","Civic Intent score",,,410,66.01561522670616,0
2025-01-27 00:00:00,"Children in Home","Civic Intent score",,,410,76.78105016567395,0
2025-01-27 00:00:00,"Demographics","Civic Intent score",,,410,80.69964253623193,0
2025-01-27 00:00:00,"Ethnicity","Civic Intent score",,,438,94.32960893854747,0
2025-01-27 00:00:00,"Gender","Civic Intent score",,,407,85.61717877094972,0
2025-01-27 00:00:00,"Giver Type","Civic Intent score",,,1183,89.6973954277409,0
2025-01-27 00:00:00,"State","Civic Intent score",,,405,106.77374301675977,0
2025-02-03 00:00:00,"ACP Community Type","Civic Intent score",,,414,108.77094972067039,0
2025-02-03 00:00:00,"Age","Civic Intent score",,,406,80.90131091287593,0
2025-02-03 00:00:00,"All","Civic Intent score",,,406,66.01561522670616,0
2025-02-03 00:00:00,"Children in Home","Civic Intent score",,,406,76.78105016567395,0
2025-02-03 00:00:00,"Demographics","Civic Intent score",,,406,80.69964253623193,0
2025-02-03 00:00:00,"Ethnicity","Civic Intent score",,,433,94.32960893854747,0
2025-02-03 00:00:00,"Gender","Civic Intent score",,,405,85.61717877094972,0
2025-02-03 00:00:00,"Giver Type","Civic Intent score",,,1177,89.6973954277409,0
2025-02-03 00:00:00,"State","Civic Intent score",,,371,106.77374301675977,0
2025-02-10 00:00:00,"ACP Community Type","Civic Intent score",,,403,108.77094972067039,0
2025-02-10 00:00:00,"Age","Civic Intent score",,,407,80.90131091287593,0
2025-02-10 00:00:00,"All","Civic Intent score",,,407,66.01561522670616,0
2025-02-10 00:00:00,"Children in Home","Civic Intent score",,,407,76.78105016567395,0
2025-02-10 00:00:00,"Demographics","Civic Intent score",,,407,80.69964253623193,0
2025-02-10 00:00:00,"Ethnicity","Civic Intent score",,,429,94.32960893854747,0
2025-02-10 00:00:00,"Gender","Civic Intent score",,,407,85.61717877094972,0
2025-02-10 00:00:00,"Giver Type","Civic Intent score",,,1199,89.6973954277409,0
2025-02-10 00:00:00,"State","Civic Intent score",,,440,106.77374301675977,0
2025-02-17 00:00:00,"ACP Community Type","Civic Intent score",,,402,108.77094972067039,0
2025-02-17 00:00:00,"Age","Civic Intent score",,,405,80.90131091287593,0
2025-02-17 00:00:00,"All","Civic Intent score",,,405,66.01561522670616,0
2025-02-17 00:00:00,"Children in Home","Civic Intent score",,,405,76.78105016567395,0
2025-02-17 00:00:00,"Demographics","Civic Intent score",,,405,80.69964253623193,0
2025-02-17 00:00:00,"Ethnicity","Civic Intent score",,,441,94.32960893854747,0
2025-02-17 00:00:00,"Gender","Civic Intent score",,,405,85.61717877094972,0
2025-02-17 00:00:00,"Giver Type","Civic Intent score",,,1203,89.6973954277409,0
2025-02-17 00:00:00,"State","Civic Intent score",,,415,106.77374301675977,0
2025-02-24 00:00:00,"ACP Community Type","Civic Intent score",,,397,108.77094972067039,0
2025-02-24 00:00:00,"Age","Civic Intent score",,,404,80.90131091287593,0
2025-02-24 00:00:00,"All","Civic Intent score",,,404,66.01561522670616,0
2025-02-24 00:00:00,"Children in Home","Civic Intent score",,,404,76.78105016567395,0
2025-02-24 00:00:00,"Demographics","Civic Intent score",,,404,80.69964253623193,0
2025-02-24 00:00:00,"Ethnicity","Civic Intent score",,,432,94.32960893854747,0
2025-02-24 00:00:00,"Gender","Civic Intent score",,,404,85.61717877094972,0
2025-02-24 00:00:00,"Giver Type","Civic Intent score",,,1242,89.6973954277409,0
2025-02-24 00:00:00,"State","Civic Intent score",,,418,106.77374301675977,0
2025-03-03 00:00:00,"ACP Community Type","Civic Intent score",,,396,108.77094972067039,0
2025-03-03 00:00:00,"Age","Civic Intent score",,,405,80.90131091287593,0
2025-03-03 00:00:00,"All","Civic Intent score",,,405,66.01561522670616,0
2025-03-03 00:00:00,"Children in Home","Civic Intent score",,,405,76.78105016567395,0
2025-03-03 00:00:00,"Demographics","Civic Intent score",,,405,80.69964253623193,0
2025-03-03 00:00:00,"Ethnicity","Civic Intent score",,,444,94.32960893854747,0
2025-03-03 00:00:00,"Gender","Civic Intent score",,,405,85.61717877094972,0
2025-03-03 00:00:00,"Giver Type","Civic Intent score",,,1210,89.6973954277409,0
2025-03-03 00:00:00,"State","Civic Intent score",,,420,106.77374301675977,0
2025-03-10 00:00:00,"ACP Community Type","Civic Intent score",,,415,108.77094972067039,0
2025-03-10 00:00:00,"Age","Civic Intent score",,,403,80.90131091287593,0
2025-03-10 00:00:00,"All","Civic Intent score",,,403,66.01561522670616,0
2025-03-10 00:00:00,"Children in Home","Civic Intent score",,,403,76.78105016567395,0
2025-03-10 00:00:00,"Demographics","Civic Intent score",,,403,80.69964253623193,0
2025-03-10 00:00:00,"Ethnicity","Civic Intent score",,,451,94.32960893854747,0
2025-03-10 00:00:00,"Gender","Civic Intent score",,,403,85.61717877094972,0
2025-03-10 00:00:00,"Giver Type","Civic Intent score",,,1206,89.6973954277409,0
2025-03-10 00:00:00,"State","Civic Intent score",,,413,106.77374301675977,0
2025-03-17 00:00:00,"ACP Community Type","Civic Intent score",,,410,108.77094972067039,0
2025-03-17 00:00:00,"Age","Civic Intent score",,,402,80.90131091287593,0
2025-03-17 00:00:00,"All","Civic Intent score",,,402,66.01561522670616,0
2025-03-17 00:00:00,"Children in Home","Civic Intent score",,,402,76.78105016567395,0
2025-03-17 00:00:00,"Demographics","Civic Intent score",,,402,80.69964253623193,0
2025-03-17 00:00:00,"Ethnicity","Civic Intent score",,,440,94.32960893854747,0
2025-03-17 00:00:00,"Gender","Civic Intent score",,,402,85.61717877094972,0
2025-03-17 00:00:00,"Giver Type","Civic Intent score",,,1254,89.6973954277409,0
2025-03-17 00:00:00,"State","Civic Intent score",,,378,106.77374301675977,0
2025-03-24 00:00:00,"ACP Community Type","Civic Intent score",,,402,108.77094972067039,0
2025-03-24 00:00:00,"Age","Civic Intent score",,,402,80.90131091287593,0
2025-03-24 00:00:00,"All","Civic Intent score",,,402,66.01561522670616,0
2025-03-24 00:00:00,"Children in Home","Civic Intent score",,,402,76.78105016567395,0
2025-03-24 00:00:00,"Demographics","Civic Intent score",,,402,80.69964253623193,0
2025-03-24 00:00:00,"Ethnicity","Civic Intent score",,,427,94.32960893854747,0
2025-03-24 00:00:00,"Gender","Civic Intent score",,,402,85.61717877094972,0
2025-03-24 00:00:00,"Giver Type","Civic Intent score",,,1228,89.6973954277409,0
2025-03-24 00:00:00,"State","Civic Intent score",,,400,106.77374301675977,0
2025-03-31 00:00:00,"ACP Community Type","Civic Intent score",,,390,108.77094972067039,0
2025-03-31 00:00:00,"Age","Civic Intent score",,,402,80.90131091287593,0
2025-03-31 00:00:00,"All","Civic Intent score",,,402,66.01561522670616,0
2025-03-31 00:00:00,"Children in Home","Civic Intent score",,,402,76.78105016567395,0
2025-03-31 00:00:00,"Demographics","Civic Intent score",,,402,80.69964253623193,0
2025-03-31 00:00:00,"Ethnicity","Civic Intent score",,,427,94.32960893854747,0
2025-03-31 00:00:00,"Gender","Civic Intent score",,,402,85.61717877094972,0
2025-03-31 00:00:00,"Giver Type","Civic Intent score",,,1250,89.6973954277409,0
2025-03-31 00:00:00,"State","Civic Intent score",,,387,106.77374301675977,0
2024-07-22 00:00:00,"ACP Community Type","Civic Intent score",18.086592178770946,"Aging Farmlands",4,,
2024-07-22 00:00:00,"ACP Community Type","Civic Intent score",37.719622905027926,"Not available",4,,
2024-07-22 00:00:00,"ACP Community Type","Civic Intent score",45.13120749598742,"Working Class Country",14,,
2024-07-22 00:00:00,"ACP Community Type","Civic Intent score",53.414399175306265,"Rural Middle America",20,,
2024-07-22 00:00:00,"ACP Community Type","Civic Intent score",54.79298228359635,"Exurbs",36,,
2024-07-22 00:00:00,"ACP Community Type","Civic Intent score",55.12833410875419,"Hispanic Centers",19,,
2024-07-22 00:00:00,"ACP Community Type","Civic Intent score",55.91517454059038,"College Towns",27,,
2024-07-22 00:00:00,"ACP Community Type","Civic Intent score",57.45846260877071,"African American South",21,,
2024-07-22 00:00:00,"ACP Community Type","Civic Intent score",58.237870760846306,"Urban Burbs",87,,
2024-07-22 00:00:00,"ACP Community Type","Civic Intent score",58.94249315614911,"Military Posts",9,,
2024-07-22 00:00:00,"ACP Community Type","Civic Intent score",59.06099107570707,"Big Cities",97,,
2024-07-22 00:00:00,"ACP Community Type","Civic Intent score",59.7840666733296,"Graying America",32,,
2024-07-22 00:00:00,"ACP Community Type","Civic Intent score",63.88004258573308,"Middle Suburbs",26,,
2024-07-22 00:00:00,"ACP Community Type","Civic Intent score",66.54441615832664,"Evangelical Hubs",9,,
2024-07-22 00:00:00,"Age","Civic Intent score",54.4538920239948,"50 to 64",100,,
2024-07-22 00:00:00,"Age","Civic Intent score",56.70125585257934,"65 to 85",86,,
2024-07-22 00:00:00,"Age","Civic Intent score",57.32421823720565,"35 to 49",93,,
2024-07-22 00:00:00,"Age","Civic Intent score",60.762579682698544,"25 to 29",25,,
2024-07-22 00:00:00,"Age","Civic Intent score",60.89915069202285,"18 to 24",49,,
2024-07-22 00:00:00,"Age","Civic Intent score",66.85504926648065,"30 to 34",47,,
2024-07-22 00:00:00,"All","Civic Intent score",58.28457456669487,"All",400,,
2024-07-22 00:00:00,"Children in Home","Civic Intent score",56.018768179146996,"No children in home",268,,
2024-07-22 00:00:00,"Children in Home","Civic Intent score",62.645645667231555,"Children in home",132,,
2024-07-22 00:00:00,"Demographics","Civic Intent score",46.96976484923798,"Prefer not to answer",28,,
2024-07-22 00:00:00,"Demographics","Civic Intent score",49.6501356324979,"Under $25,000",62,,
2024-07-22 00:00:00,"Demographics","Civic Intent score",58.134158419187536,"$25,000 to $49,999",74,,
2024-07-22 00:00:00,"Demographics","Civic Intent score",58.816141022058176,"$50,000 to $74,999",69,,
2024-07-22 00:00:00,"Demographics","Civic Intent score",62.60327040846561,"$75,000 to $99,999",54,,
2024-07-22 00:00:00,"Demographics","Civic Intent score",62.88064209095288,"$100,000 to $150,000",66,,
2024-07-22 00:00:00,"Demographics","Civic Intent score",64.3955540248161,"Over $150,000",47,,
2024-07-22 00:00:00,"Ethnicity","Civic Intent score",2.2191185599006826,"Prefer not to answer",9,,
2024-07-22 00:00:00,"Ethnicity","Civic Intent score",17.190037842539738,"Indigenous/ Native/First Nation",9,,
2024-07-22 00:00:00,"Ethnicity","Civic Intent score",27.93213296343326,"Other",9,,
2024-07-22 00:00:00,"Ethnicity","Civic Intent score",37.853195843524524,"Eastern or Central European",6,,
2024-07-22 00:00:00,"Ethnicity","Civic Intent score",51.004670729455555,"Asian",22,,
2024-07-22 00:00:00,"Ethnicity","Civic Intent score",58.77515045752024,"Caucasian/White",320,,
2024-07-22 00:00:00,"Ethnicity","Civic Intent score",58.81166150454676,"Hispanic/Latino",38,,
2024-07-22 00:00:00,"Ethnicity","Civic Intent score",59.92290471970193,"African American",40,,
2024-07-22 00:00:00,"Gender","Civic Intent score",9.986033519553072,"Prefer not to answer",4,,
2024-07-22 00:00:00,"Gender","Civic Intent score",29.32960893854748,"In another way",4,,
2024-07-22 00:00:00,"Gender","Civic Intent score",58.3280612722817,"Male",192,,
2024-07-22 00:00:00,"Gender","Civic Intent score",58.59608480952644,"Female",204,,
2024-07-22 00:00:00,"Giver Type","Civic Intent score",39.140657789865635,"Non-giver",147,,
2024-07-22 00:00:00,"Giver Type","Civic Intent score",71.42633705741075,"Gave something else",126,,
2024-07-22 00:00:00,"Giver Type","Civic Intent score",71.43604336759078,"Gave items",152,,
2024-07-22 00:00:00,"Giver Type","Civic Intent score",71.89418729398881,"Gave to registered nonprofit",170,,
2024-07-22 00:00:00,"Giver Type","Civic Intent score",72.32143696165248,"Gave to individual",130,,
2024-07-22 00:00:00,"Giver Type","Civic Intent score",72.99915902821658,"Gave money",130,,
2024-07-22 00:00:00,"Giver Type","Civic Intent score",73.05317815055763,"Gave to informal group",136,,
2024-07-22 00:00:00,"Giver Type","Civic Intent score",75.46559909895592,"Volunteered",101,,
2024-07-22 00:00:00,"Giver Type","Civic Intent score",77.34605536180374,"Advocated",74,,
2024-07-22 00:00:00,"State","Civic Intent score",16.340782122905026,"OK Oklahoma",5,,
2024-07-22 00:00:00,"State","Civic Intent score",18.310645983435002,"KY Kentucky",9,,
2024-07-22 00:00:00,"State","Civic Intent score",21.121804281171983,"KS Kansas",8,,
2024-07-22 00:00:00,"State","Civic Intent score",21.904096834264433,"NE Nebraska",6,,
2024-07-22 00:00:00,"State","Civic Intent score",25.404329608938543,"AK Alaska",4,,
2024-07-22 00:00:00,"State","Civic Intent score",28.33753740385121,"WV West Virginia",5,,
2024-07-22 00:00:00,"State","Civic Intent score",28.87569832402234,"HI Hawaii",4,,
2024-07-22 00:00:00,"State","Civic Intent score",30.399162011173182,"VA Virginia",5,,
2024-07-22 00:00:00,"State","Civic Intent score",30.641759776536304,"RI Rhode Island",4,,
2024-07-22 00:00:00,"State","Civic Intent score",30.99963883671988,"DE Delaware",5,,
2024-07-22 00:00:00,"State","Civic Intent score",34.73708100558658,"NH New Hampshire",4,,
2024-07-22 00:00:00,"State","Civic Intent score",38.068058462806746,"WA Washington",13,,
2024-07-22 00:00:00,"State","Civic Intent score",39.177026414237694,"NJ New Jersey",16,,
2024-07-22 00:00:00,"State","Civic Intent score",45.761298954294965,"LA Louisiana",6,,
2024-07-22 00:00:00,"State","Civic Intent score",46.21550816497682,"NV Nevada",8,,
2024-07-22 00:00:00,"State","Civic Intent score",46.71140064698923,"MD Maryland",9,,
2024-07-22 00:00:00,"State","Civic Intent score",49.65519596504162,"MN Minnesota",9,,
2024-07-22 00:00:00,"State","Civic Intent score",51.57320310863105,"NC North Carolina",12,,
2024-07-22 00:00:00,"State","Civic Intent score",54.60691730446892,"NY New York",23,,
2024-07-22 00:00:00,"State","Civic Intent score",55.12077544351906,"AZ Arizona",9,,
2024-07-22 00:00:00,"State","Civic Intent score",55.19869631904639,"OH Ohio",20,,
2024-07-22 00:00:00,"State","Civic Intent score",55.559241834440584,"PA Pennsylvania",14,,
2024-07-22 00:00:00,"State","Civic Intent score",57.74855486493675,"GA Georgia",16,,
2024-07-22 00:00:00,"State","Civic Intent score",57.96510042155478,"MA Massachusetts",8,,
2024-07-22 00:00:00,"State","Civic Intent score",58.703307468559295,"TX Texas",37,,
2024-07-22 00:00:00,"State","Civic Intent score",58.73573705944198,"OR Oregon",6,,
2024-07-22 00:00:00,"State","Civic Intent score",59.895941842365744,"CA California",43,,
2024-07-22 00:00:00,"State","Civic Intent score",60.29728317315597,"IN Indiana",8,,
2024-07-22 00:00:00,"State","Civic Intent score",60.46563009857895,"FL Florida",36,,
2024-07-22 00:00:00,"State","Civic Intent score",61.07893759023844,"IL Illinois",16,,
2024-07-22 00:00:00,"State","Civic Intent score",62.53945530726256,"WI Wisconsin",4,,
2024-07-22 00:00:00,"State","Civic Intent score",63.03764514927237,"MI Michigan",12,,
2024-07-22 00:00:00,"State","Civic Intent score",63.913989184152314,"TN Tennessee",9,,
2024-07-22 00:00:00,"State","Civic Intent score",68.103559934719,"CO Colorado",9,,
2024-07-29 00:00:00,"ACP Community Type","Civic Intent score",50.94540960682409,"Hispanic Centers",14,,
2024-07-29 00:00:00,"ACP Community Type","Civic Intent score",54.45250259188419,"College Towns",27,,
2024-07-29 00:00:00,"ACP Community Type","Civic Intent score",55.10466353579479,"Rural Middle America",19,,
2024-07-29 00:00:00,"ACP Community Type","Civic Intent score",55.5610633073459,"African American South",23,,
2024-07-29 00:00:00,"ACP Community Type","Civic Intent score",55.75375881975316,"Exurbs",42,,
2024-07-29 00:00:00,"ACP Community Type","Civic Intent score",58.734744861651365,"Big Cities",97,,
2024-07-29 00:00:00,"ACP Community Type","Civic Intent score",58.77691585520682,"Graying America",32,,
2024-07-29 00:00:00,"ACP Community Type","Civic Intent score",59.09428174475045,"Urban Burbs",89,,
2024-07-29 00:00:00,"ACP Community Type","Civic Intent score",60.0365621210275,"Military Posts",9,,
2024-07-29 00:00:00,"ACP Community Type","Civic Intent score",62.904683815413875,"Evangelical Hubs",8,,
2024-07-29 00:00:00,"ACP Community Type","Civic Intent score",63.62833822627581,"Working Class Country",12,,
2024-07-29 00:00:00,"ACP Community Type","Civic Intent score",64.22901233244932,"Middle Suburbs",26,,
2024-07-29 00:00:00,"Age","Civic Intent score",54.57920892165567,"50 to 64",101,,
2024-07-29 00:00:00,"Age","Civic Intent score",55.032024996685045,"65 to 85",89,,
2024-07-29 00:00:00,"Age","Civic Intent score",58.19254350668864,"35 to 49",93,,
2024-07-29 00:00:00,"Age","Civic Intent score",60.23757947335179,"25 to 29",24,,
2024-07-29 00:00:00,"Age","Civic Intent score",61.383335604956635,"18 to 24",49,,
2024-07-29 00:00:00,"Age","Civic Intent score",66.46814685904623,"30 to 34",44,,
2024-07-29 00:00:00,"All","Civic Intent score",58.08291032380785,"All",400,,
2024-07-29 00:00:00,"Children in Home","Civic Intent score",54.76480431087119,"No children in home",272,,
2024-07-29 00:00:00,"Children in Home","Civic Intent score",64.649080117303,"Children in home",128,,
2024-07-29 00:00:00,"Demographics","Civic Intent score",46.14204037422619,"Under $25,000",55,,
2024-07-29 00:00:00,"Demographics","Civic Intent score",48.03023466860274,"Prefer not to answer",33,,
2024-07-29 00:00:00,"Demographics","Civic Intent score",58.98052030589417,"$25,000 to $49,999",78,,
2024-07-29 00:00:00,"Demographics","Civic Intent score",60.2417965299155,"$50,000 to $74,999",66,,
2024-07-29 00:00:00,"Demographics","Civic Intent score",61.55199665512762,"$75,000 to $99,999",50,,
2024-07-29 00:00:00,"Demographics","Civic Intent score",62.30139511528619,"$100,000 to $150,000",74,,
2024-07-29 00:00:00,"Demographics","Civic Intent score",64.92074713524988,"Over $150,000",44,,
2024-07-29 00:00:00,"Ethnicity","Civic Intent score",7.3374650837988815,"Prefer not to answer",8,,
2024-07-29 00:00:00,"Ethnicity","Civic Intent score",43.37447531543678,"Indigenous/ Native/First Nation",10,,
2024-07-29 00:00:00,"Ethnicity","Civic Intent score",45.039315317855696,"Other",9,,
2024-07-29 00:00:00,"Ethnicity","Civic Intent score",53.56934449930074,"Asian",29,,
2024-07-29 00:00:00,"Ethnicity","Civic Intent score",57.59848123776231,"Hispanic/Latino",41,,
2024-07-29 00:00:00,"Ethnicity","Civic Intent score",58.545457950914084,"Caucasian/White",308,,
2024-07-29 00:00:00,"Ethnicity","Civic Intent score",62.98239759075982,"African American",40,,
2024-07-29 00:00:00,"Gender","Civic Intent score",18.011173184357542,"Prefer not to answer",4,,
2024-07-29 00:00:00,"Gender","Civic Intent score",57.46049139355006,"Female",207,,
2024-07-29 00:00:00,"Gender","Civic Intent score",59.20790850229904,"Male",189,,
2024-07-29 00:00:00,"Giver Type","Civic Intent score",38.703121472242195,"Non-giver",157,,
2024-07-29 00:00:00,"Giver Type","Civic Intent score",72.65514890456136,"Gave items",144,,
2024-07-29 00:00:00,"Giver Type","Civic Intent score",72.82711214059255,"Gave to registered nonprofit",163,,
2024-07-29 00:00:00,"Giver Type","Civic Intent score",72.94541299254514,"Gave something else",120,,
2024-07-29 00:00:00,"Giver Type","Civic Intent score",73.11654233915382,"Gave to informal group",148,,
2024-07-29 00:00:00,"Giver Type","Civic Intent score",73.45470260561646,"Gave to individual",136,,
2024-07-29 00:00:00,"Giver Type","Civic Intent score",73.5413694146229,"Gave money",131,,
2024-07-29 00:00:00,"Giver Type","Civic Intent score",75.30808846661873,"Volunteered",118,,
2024-07-29 00:00:00,"Giver Type","Civic Intent score",77.7473672849485,"Advocated",83,,
2024-07-29 00:00:00,"State","Civic Intent score",15.083798882681561,"MS Mississippi",4,,
2024-07-29 00:00:00,"State","Civic Intent score",34.92970204841713,"ID Idaho",6,,
2024-07-29 00:00:00,"State","Civic Intent score",37.34540696988508,"VA Virginia",7,,
2024-07-29 00:00:00,"State","Civic Intent score",37.79943696945458,"IA Iowa",7,,
2024-07-29 00:00:00,"State","Civic Intent score",43.35125698324022,"NM New Mexico",4,,
2024-07-29 00:00:00,"State","Civic Intent score",43.36138268156424,"NH New Hampshire",4,,
2024-07-29 00:00:00,"State","Civic Intent score",44.308755723032895,"NV Nevada",8,,
2024-07-29 00:00:00,"State","Civic Intent score",44.395728222194734,"DE Delaware",5,,
2024-07-29 00:00:00,"State","Civic Intent score",49.28756873856338,"IN Indiana",9,,
2024-07-29 00:00:00,"State","Civic Intent score",50.204945859632204,"MD Maryland",11,,
2024-07-29 00:00:00,"State","Civic Intent score",51.44053100279934,"PA Pennsylvania",14,,
2024-07-29 00:00:00,"State","Civic Intent score",51.92241742850619,"NC North Carolina",10,,
2024-07-29 00:00:00,"State","Civic Intent score",51.97589890303194,"AR Arkansas",5,,
2024-07-29 00:00:00,"State","Civic Intent score",52.701720277185956,"AZ Arizona",8,,
2024-07-29 00:00:00,"State","Civic Intent score",55.49535349642101,"NY New York",20,,
2024-07-29 00:00:00,"State","Civic Intent score",57.14058815614499,"OH Ohio",22,,
2024-07-29 00:00:00,"State","Civic Intent score",57.75012792597568,"MN Minnesota",8,,
2024-07-29 00:00:00,"State","Civic Intent score",57.840520197964366,"FL Florida",38,,
2024-07-29 00:00:00,"State","Civic Intent score",58.135680240177145,"AL Alabama",10,,
2024-07-29 00:00:00,"State","Civic Intent score",58.64296881056096,"WI Wisconsin",5,,
2024-07-29 00:00:00,"State","Civic Intent score",58.844693844027795,"TX Texas",33,,
2024-07-29 00:00:00,"State","Civic Intent score",59.094222241378105,"CO Colorado",9,,
2024-07-29 00:00:00,"State","Civic Intent score",59.40921870404885,"GA Georgia",17,,
2024-07-29 00:00:00,"State","Civic Intent score",59.84327895888333,"OR Oregon",6,,
2024-07-29 00:00:00,"State","Civic Intent score",59.89529470536233,"MA Massachusetts",10,,
2024-07-29 00:00:00,"State","Civic Intent score",60.26943688318972,"NJ New Jersey",13,,
2024-07-29 00:00:00,"State","Civic Intent score",60.45179021206934,"CA California",40,,
2024-07-29 00:00:00,"State","Civic Intent score",60.861118500244146,"CT Connecticut",9,,
2024-07-29 00:00:00,"State","Civic Intent score",61.543905106809895,"MI Michigan",12,,
2024-07-29 00:00:00,"State","Civic Intent score",62.80050504867304,"WA Washington",11,,
2024-07-29 00:00:00,"State","Civic Intent score",64.35346075097331,"IL Illinois",18,,
2024-07-29 00:00:00,"State","Civic Intent score",65.64024394932966,"SC South Carolina",8,,
2024-08-05 00:00:00,"ACP Community Type","Civic Intent score",50.00257826073778,"African American South",17,,
2024-08-05 00:00:00,"ACP Community Type","Civic Intent score",51.84657802356186,"Rural Middle America",20,,
2024-08-05 00:00:00,"ACP Community Type","Civic Intent score",51.93458713182891,"Exurbs",42,,
2024-08-05 00:00:00,"ACP Community Type","Civic Intent score",53.8042013091549,"College Towns",24,,
2024-08-05 00:00:00,"ACP Community Type","Civic Intent score",55.10162901465866,"Hispanic Centers",14,,
2024-08-05 00:00:00,"ACP Community Type","Civic Intent score",58.419646068328504,"Graying America",32,,
2024-08-05 00:00:00,"ACP Community Type","Civic Intent score",59.01501737626978,"Big Cities",108,,
2024-08-05 00:00:00,"ACP Community Type","Civic Intent score",59.65829991977295,"Urban Burbs",92,,
2024-08-05 00:00:00,"ACP Community Type","Civic Intent score",61.25628996066526,"Evangelical Hubs",8,,
2024-08-05 00:00:00,"ACP Community Type","Civic Intent score",61.68654756928321,"Working Class Country",13,,
2024-08-05 00:00:00,"ACP Community Type","Civic Intent score",62.28629733732916,"Middle Suburbs",22,,
2024-08-05 00:00:00,"ACP Community Type","Civic Intent score",65.34851111196551,"Military Posts",8,,
2024-08-05 00:00:00,"Age","Civic Intent score",53.173072521003085,"50 to 64",103,,
2024-08-05 00:00:00,"Age","Civic Intent score",55.80438795849116,"65 to 85",88,,
2024-08-05 00:00:00,"Age","Civic Intent score",58.51113152506945,"35 to 49",92,,
2024-08-05 00:00:00,"Age","Civic Intent score",59.79304949337386,"18 to 24",49,,
2024-08-05 00:00:00,"Age","Civic Intent score",63.14882687178094,"25 to 29",22,,
2024-08-05 00:00:00,"Age","Civic Intent score",63.907795699856784,"30 to 34",47,,
2024-08-05 00:00:00,"All","Civic Intent score",57.63248625857143,"All",401,,
2024-08-05 00:00:00,"Children in Home","Civic Intent score",55.24035217137778,"No children in home",272,,
2024-08-05 00:00:00,"Children in Home","Civic Intent score",62.25849074175557,"Children in home",129,,
2024-08-05 00:00:00,"Demographics","Civic Intent score",46.74975009933484,"Under $25,000",49,,
2024-08-05 00:00:00,"Demographics","Civic Intent score",51.49788659882511,"Prefer not to answer",35,,
2024-08-05 00:00:00,"Demographics","Civic Intent score",58.478946747465756,"$75,000 to $99,999",52,,
2024-08-05 00:00:00,"Demographics","Civic Intent score",59.27522007103666,"$50,000 to $74,999",70,,
2024-08-05 00:00:00,"Demographics","Civic Intent score",59.37172427754893,"$25,000 to $49,999",68,,
2024-08-05 00:00:00,"Demographics","Civic Intent score",60.768625392594686,"$100,000 to $150,000",73,,
2024-08-05 00:00:00,"Demographics","Civic Intent score",62.22322411406293,"Over $150,000",54,,
2024-08-05 00:00:00,"Ethnicity","Civic Intent score",23.571787709497205,"Prefer not to answer",5,,
2024-08-05 00:00:00,"Ethnicity","Civic Intent score",48.15719564508193,"Indigenous/ Native/First Nation",11,,
2024-08-05 00:00:00,"Ethnicity","Civic Intent score",53.7802028944239,"Asian",27,,
2024-08-05 00:00:00,"Ethnicity","Civic Intent score",58.13112625442431,"Caucasian/White",301,,
2024-08-05 00:00:00,"Ethnicity","Civic Intent score",58.493632778904015,"Hispanic/Latino",44,,
2024-08-05 00:00:00,"Ethnicity","Civic Intent score",59.4497480250071,"African American",39,,
2024-08-05 00:00:00,"Ethnicity","Civic Intent score",60.225406326501684,"Other",9,,
2024-08-05 00:00:00,"Gender","Civic Intent score",57.47977652062726,"Male",189,,
2024-08-05 00:00:00,"Gender","Civic Intent score",58.13250801456697,"Female",209,,
2024-08-05 00:00:00,"Giver Type","Civic Intent score",38.00981779173717,"Non-giver",153,,
2024-08-05 00:00:00,"Giver Type","Civic Intent score",71.05738700969272,"Gave items",143,,
2024-08-05 00:00:00,"Giver Type","Civic Intent score",72.02998183645225,"Gave something else",124,,
2024-08-05 00:00:00,"Giver Type","Civic Intent score",72.06911833762327,"Gave to individual",147,,
2024-08-05 00:00:00,"Giver Type","Civic Intent score",72.14090805752383,"Gave to informal group",144,,
2024-08-05 00:00:00,"Giver Type","Civic Intent score",72.39842837508515,"Gave to registered nonprofit",168,,
2024-08-05 00:00:00,"Giver Type","Civic Intent score",73.52566136186114,"Gave money",132,,
2024-08-05 00:00:00,"Giver Type","Civic Intent score",73.97753174353558,"Volunteered",123,,
2024-08-05 00:00:00,"Giver Type","Civic Intent score",76.07681328466863,"Advocated",82,,
2024-08-05 00:00:00,"State","Civic Intent score",33.288845754699345,"KS Kansas",7,,
2024-08-05 00:00:00,"State","Civic Intent score",34.21783324616174,"OK Oklahoma",7,,
2024-08-05 00:00:00,"State","Civic Intent score",45.77719273392416,"CO Colorado",6,,
2024-08-05 00:00:00,"State","Civic Intent score",47.21711560386443,"IN Indiana",9,,
2024-08-05 00:00:00,"State","Civic Intent score",48.958100558659204,"NH New Hampshire",4,,
2024-08-05 00:00:00,"State","Civic Intent score",49.51787709497206,"OR Oregon",5,,
2024-08-05 00:00:00,"State","Civic Intent score",49.932550311771884,"NV Nevada",9,,
2024-08-05 00:00:00,"State","Civic Intent score",50.919862797558764,"PA Pennsylvania",13,,
2024-08-05 00:00:00,"State","Civic Intent score",52.26069480021321,"OH Ohio",20,,
2024-08-05 00:00:00,"State","Civic Intent score",53.15358322738037,"AZ Arizona",12,,
2024-08-05 00:00:00,"State","Civic Intent score",53.63900831775234,"VA Virginia",6,,
2024-08-05 00:00:00,"State","Civic Intent score",54.232988091900644,"LA Louisiana",7,,
2024-08-05 00:00:00,"State","Civic Intent score",55.029051361073165,"MD Maryland",12,,
2024-08-05 00:00:00,"State","Civic Intent score",55.72984057231866,"MN Minnesota",8,,
2024-08-05 00:00:00,"State","Civic Intent score",56.398877685734455,"GA Georgia",15,,
2024-08-05 00:00:00,"State","Civic Intent score",56.509944626693304,"NC North Carolina",9,,
2024-08-05 00:00:00,"State","Civic Intent score",57.59936788022154,"WI Wisconsin",10,,
2024-08-05 00:00:00,"State","Civic Intent score",57.89015700423607,"CA California",45,,
2024-08-05 00:00:00,"State","Civic Intent score",59.14561383438307,"MA Massachusetts",10,,
2024-08-05 00:00:00,"State","Civic Intent score",60.66709012687165,"NJ New Jersey",13,,
2024-08-05 00:00:00,"State","Civic Intent score",60.74574850801964,"MI Michigan",9,,
2024-08-05 00:00:00,"State","Civic Intent score",61.283242470027105,"FL Florida",40,,
2024-08-05 00:00:00,"State","Civic Intent score",61.80801694541497,"NY New York",23,,
2024-08-05 00:00:00,"State","Civic Intent score",62.74628996448445,"AR Arkansas",5,,
2024-08-05 00:00:00,"State","Civic Intent score",63.654709965509845,"TX Texas",34,,
2024-08-05 00:00:00,"State","Civic Intent score",64.01266098164226,"SC South Carolina",8,,
2024-08-05 00:00:00,"State","Civic Intent score",64.76803361482935,"IL Illinois",18,,
2024-08-05 00:00:00,"State","Civic Intent score",66.07980204168764,"TN Tennessee",8,,
2024-08-12 00:00:00,"ACP Community Type","Civic Intent score",47.855446927374295,"Not available",4,,
2024-08-12 00:00:00,"ACP Community Type","Civic Intent score",50.114793552673476,"Exurbs",38,,
2024-08-12 00:00:00,"ACP Community Type","Civic Intent score",52.243666300644634,"African American South",17,,
2024-08-12 00:00:00,"ACP Community Type","Civic Intent score",52.271822646753364,"Graying America",36,,
2024-08-12 00:00:00,"ACP Community Type","Civic Intent score",53.64496789962236,"Rural Middle America",25,,
2024-08-12 00:00:00,"ACP Community Type","Civic Intent score",55.449489366132866,"Evangelical Hubs",5,,
2024-08-12 00:00:00,"ACP Community Type","Civic Intent score",57.478448529595944,"College Towns",24,,
2024-08-12 00:00:00,"ACP Community Type","Civic Intent score",58.141928491413545,"Big Cities",106,,
2024-08-12 00:00:00,"ACP Community Type","Civic Intent score",58.863098886600554,"Military Posts",11,,
2024-08-12 00:00:00,"ACP Community Type","Civic Intent score",59.09010288665103,"Working Class Country",12,,
2024-08-12 00:00:00,"ACP Community Type","Civic Intent score",60.9355464270368,"Urban Burbs",95,,
2024-08-12 00:00:00,"ACP Community Type","Civic Intent score",63.04959104007146,"Hispanic Centers",13,,
2024-08-12 00:00:00,"ACP Community Type","Civic Intent score",63.406682868543236,"Middle Suburbs",18,,
2024-08-12 00:00:00,"Age","Civic Intent score",53.70524100624948,"50 to 64",104,,
2024-08-12 00:00:00,"Age","Civic Intent score",55.797931932273485,"65 to 85",87,,
2024-08-12 00:00:00,"Age","Civic Intent score",58.2622523926688,"18 to 24",46,,
2024-08-12 00:00:00,"Age","Civic Intent score",58.59343973196732,"35 to 49",98,,
2024-08-12 00:00:00,"Age","Civic Intent score",61.03358718477941,"25 to 29",23,,
2024-08-12 00:00:00,"Age","Civic Intent score",61.17901460144714,"30 to 34",45,,
2024-08-12 00:00:00,"All","Civic Intent score",57.20452503117032,"All",403,,
2024-08-12 00:00:00,"Children in Home","Civic Intent score",54.97495681265463,"No children in home",279,,
2024-08-12 00:00:00,"Children in Home","Civic Intent score",61.877796504122436,"Children in home",124,,
2024-08-12 00:00:00,"Demographics","Civic Intent score",50.4334703884106,"Under $25,000",48,,
2024-08-12 00:00:00,"Demographics","Civic Intent score",51.08587215991767,"Prefer not to answer",36,,
2024-08-12 00:00:00,"Demographics","Civic Intent score",57.76615524246971,"$100,000 to $150,000",73,,
2024-08-12 00:00:00,"Demographics","Civic Intent score",58.30937304407822,"$25,000 to $49,999",74,,
2024-08-12 00:00:00,"Demographics","Civic Intent score",59.29738853857102,"$50,000 to $74,999",68,,
2024-08-12 00:00:00,"Demographics","Civic Intent score",59.583278721704346,"$75,000 to $99,999",52,,
2024-08-12 00:00:00,"Demographics","Civic Intent score",60.62256492845093,"Over $150,000",52,,
2024-08-12 00:00:00,"Ethnicity","Civic Intent score",30.826466480446925,"Prefer not to answer",4,,
2024-08-12 00:00:00,"Ethnicity","Civic Intent score",52.22204123721809,"Asian",27,,
2024-08-12 00:00:00,"Ethnicity","Civic Intent score",57.15894606181896,"Caucasian/White",301,,
2024-08-12 00:00:00,"Ethnicity","Civic Intent score",58.3861146881626,"Hispanic/Latino",38,,
2024-08-12 00:00:00,"Ethnicity","Civic Intent score",61.115373310148776,"Indigenous/ Native/First Nation",10,,
2024-08-12 00:00:00,"Ethnicity","Civic Intent score",62.285031600557474,"African American",45,,
2024-08-12 00:00:00,"Ethnicity","Civic Intent score",64.0771268183328,"Other",8,,
2024-08-12 00:00:00,"Gender","Civic Intent score",35.399441340782126,"Prefer not to answer",4,,
2024-08-12 00:00:00,"Gender","Civic Intent score",53.344349121682754,"In another way",5,,
2024-08-12 00:00:00,"Gender","Civic Intent score",57.03928111426536,"Male",192,,
2024-08-12 00:00:00,"Gender","Civic Intent score",57.50103192361483,"Female",205,,
2024-08-12 00:00:00,"Giver Type","Civic Intent score",37.76595039191292,"Non-giver",156,,
2024-08-12 00:00:00,"Giver Type","Civic Intent score",71.34111830630434,"Gave something else",123,,
2024-08-12 00:00:00,"Giver Type","Civic Intent score",71.38193643430112,"Gave items",156,,
2024-08-12 00:00:00,"Giver Type","Civic Intent score",71.8724165631403,"Gave to informal group",137,,
2024-08-12 00:00:00,"Giver Type","Civic Intent score",72.06950473967036,"Gave to registered nonprofit",167,,
2024-08-12 00:00:00,"Giver Type","Civic Intent score",72.30214409295206,"Gave to individual",147,,
2024-08-12 00:00:00,"Giver Type","Civic Intent score",73.23549575091647,"Gave money",136,,
2024-08-12 00:00:00,"Giver Type","Civic Intent score",73.94845875778111,"Volunteered",117,,
2024-08-12 00:00:00,"Giver Type","Civic Intent score",76.62058221504942,"Advocated",80,,
2024-08-12 00:00:00,"State","Civic Intent score",32.57727695121047,"MO Missouri",7,,
2024-08-12 00:00:00,"State","Civic Intent score",36.88617318435754,"ND North Dakota",4,,
2024-08-12 00:00:00,"State","Civic Intent score",37.05262120273389,"WV West Virginia",5,,
2024-08-12 00:00:00,"State","Civic Intent score",40.21892458100558,"HI Hawaii",4,,
2024-08-12 00:00:00,"State","Civic Intent score",42.791838571937966,"KS Kansas",7,,
2024-08-12 00:00:00,"State","Civic Intent score",42.92772346368714,"NH New Hampshire",4,,
2024-08-12 00:00:00,"State","Civic Intent score",46.6885474860335,"ME Maine",5,,
2024-08-12 00:00:00,"State","Civic Intent score",48.78398008979047,"VA Virginia",7,,
2024-08-12 00:00:00,"State","Civic Intent score",49.01623712810531,"OK Oklahoma",7,,
2024-08-12 00:00:00,"State","Civic Intent score",49.99971671041493,"CO Colorado",10,,
2024-08-12 00:00:00,"State","Civic Intent score",50.5487955250803,"IA Iowa",8,,
2024-08-12 00:00:00,"State","Civic Intent score",50.67702586278315,"AZ Arizona",11,,
2024-08-12 00:00:00,"State","Civic Intent score",51.84860104147989,"MN Minnesota",7,,
2024-08-12 00:00:00,"State","Civic Intent score",52.62286582545648,"GA Georgia",15,,
2024-08-12 00:00:00,"State","Civic Intent score",53.56775666599132,"NC North Carolina",10,,
2024-08-12 00:00:00,"State","Civic Intent score",53.83343771940143,"DE Delaware",5,,
2024-08-12 00:00:00,"State","Civic Intent score",54.4405147013955,"PA Pennsylvania",17,,
2024-08-12 00:00:00,"State","Civic Intent score",54.838687150837984,"NM New Mexico",4,,
2024-08-12 00:00:00,"State","Civic Intent score",56.086260402256606,"MA Massachusetts",12,,
2024-08-12 00:00:00,"State","Civic Intent score",56.91434031482135,"CA California",49,,
2024-08-12 00:00:00,"State","Civic Intent score",57.32207852984493,"OH Ohio",16,,
2024-08-12 00:00:00,"State","Civic Intent score",57.96107149486883,"AL Alabama",12,,
2024-08-12 00:00:00,"State","Civic Intent score",58.501277018557424,"WA Washington",10,,
2024-08-12 00:00:00,"State","Civic Intent score",58.55385522146349,"MI Michigan",10,,
2024-08-12 00:00:00,"State","Civic Intent score",58.84122719287468,"SC South Carolina",10,,
2024-08-12 00:00:00,"State","Civic Intent score",58.91397562998978,"OR Oregon",6,,
2024-08-12 00:00:00,"State","Civic Intent score",59.01606126944746,"FL Florida",43,,
2024-08-12 00:00:00,"State","Civic Intent score",61.17328863676533,"WI Wisconsin",13,,
2024-08-12 00:00:00,"State","Civic Intent score",61.405507841579414,"AR Arkansas",5,,
2024-08-12 00:00:00,"State","Civic Intent score",62.545446706619195,"NY New York",25,,
2024-08-12 00:00:00,"State","Civic Intent score",62.877896374064285,"MD Maryland",12,,
2024-08-12 00:00:00,"State","Civic Intent score",62.898029755035445,"IL Illinois",18,,
2024-08-12 00:00:00,"State","Civic Intent score",63.358556772909836,"TN Tennessee",8,,
2024-08-12 00:00:00,"State","Civic Intent score",64.40418523041502,"TX Texas",26,,
2024-08-19 00:00:00,"ACP Community Type","Civic Intent score",49.76139261742816,"Exurbs",34,,
2024-08-19 00:00:00,"ACP Community Type","Civic Intent score",50.96988362669785,"Evangelical Hubs",9,,
2024-08-19 00:00:00,"ACP Community Type","Civic Intent score",52.67135943359812,"Graying America",32,,
2024-08-19 00:00:00,"ACP Community Type","Civic Intent score",54.02446024563129,"African American South",18,,
2024-08-19 00:00:00,"ACP Community Type","Civic Intent score",54.23584460244114,"College Towns",28,,
2024-08-19 00:00:00,"ACP Community Type","Civic Intent score",56.94661732385276,"Rural Middle America",23,,
2024-08-19 00:00:00,"ACP Community Type","Civic Intent score",57.149438441476214,"Working Class Country",11,,
2024-08-19 00:00:00,"ACP Community Type","Civic Intent score",57.97128286245769,"Big Cities",101,,
2024-08-19 00:00:00,"ACP Community Type","Civic Intent score",59.3402137016931,"Urban Burbs",107,,
2024-08-19 00:00:00,"ACP Community Type","Civic Intent score",59.48194112010556,"Hispanic Centers",13,,
2024-08-19 00:00:00,"ACP Community Type","Civic Intent score",59.78861635169669,"Military Posts",13,,
2024-08-19 00:00:00,"ACP Community Type","Civic Intent score",61.4659111077545,"Middle Suburbs",13,,
2024-08-19 00:00:00,"Age","Civic Intent score",53.77903156259287,"50 to 64",104,,
2024-08-19 00:00:00,"Age","Civic Intent score",56.44829351945366,"25 to 29",25,,
2024-08-19 00:00:00,"Age","Civic Intent score",57.166740649750615,"35 to 49",102,,
2024-08-19 00:00:00,"Age","Civic Intent score",57.64162489633415,"65 to 85",86,,
2024-08-19 00:00:00,"Age","Civic Intent score",58.06212178348062,"30 to 34",39,,
2024-08-19 00:00:00,"Age","Civic Intent score",60.19519211343967,"18 to 24",47,,
2024-08-19 00:00:00,"All","Civic Intent score",56.80572217519838,"All",403,,
2024-08-19 00:00:00,"Children in Home","Civic Intent score",54.75850312188852,"No children in home",288,,
2024-08-19 00:00:00,"Children in Home","Civic Intent score",61.61282549540856,"Children in home",115,,
2024-08-19 00:00:00,"Demographics","Civic Intent score",49.65593141298352,"Under $25,000",52,,
2024-08-19 00:00:00,"Demographics","Civic Intent score",50.7039186292402,"Prefer not to answer",34,,
2024-08-19 00:00:00,"Demographics","Civic Intent score",56.801403986515396,"$100,000 to $150,000",68,,
2024-08-19 00:00:00,"Demographics","Civic Intent score",57.997920121757836,"$25,000 to $49,999",73,,
2024-08-19 00:00:00,"Demographics","Civic Intent score",59.51996798893004,"Over $150,000",54,,
2024-08-19 00:00:00,"Demographics","Civic Intent score",59.55625982980775,"$50,000 to $74,999",69,,
2024-08-19 00:00:00,"Demographics","Civic Intent score",60.41278269301092,"$75,000 to $99,999",53,,
2024-08-19 00:00:00,"Ethnicity","Civic Intent score",34.39797525557039,"Prefer not to answer",5,,
2024-08-19 00:00:00,"Ethnicity","Civic Intent score",53.602663724750464,"Asian",27,,
2024-08-19 00:00:00,"Ethnicity","Civic Intent score",56.153545346531104,"Caucasian/White",293,,
2024-08-19 00:00:00,"Ethnicity","Civic Intent score",60.93576972348438,"Hispanic/Latino",39,,
2024-08-19 00:00:00,"Ethnicity","Civic Intent score",61.93587403175177,"African American",45,,
2024-08-19 00:00:00,"Ethnicity","Civic Intent score",70.39083767615254,"Other",7,,
2024-08-19 00:00:00,"Gender","Civic Intent score",56.02389470747416,"Male",191,,
2024-08-19 00:00:00,"Gender","Civic Intent score",57.46384873324291,"Female",208,,
2024-08-19 00:00:00,"Giver Type","Civic Intent score",37.647996357851056,"Non-giver",161,,
2024-08-19 00:00:00,"Giver Type","Civic Intent score",70.28648988240879,"Gave something else",119,,
2024-08-19 00:00:00,"Giver Type","Civic Intent score",70.87974195426706,"Gave items",147,,
2024-08-19 00:00:00,"Giver Type","Civic Intent score",71.7669896026219,"Gave to registered nonprofit",168,,
2024-08-19 00:00:00,"Giver Type","Civic Intent score",71.87960008845714,"Gave to informal group",130,,
2024-08-19 00:00:00,"Giver Type","Civic Intent score",72.20077333218332,"Gave to individual",136,,
2024-08-19 00:00:00,"Giver Type","Civic Intent score",72.45705885778511,"Gave money",137,,
2024-08-19 00:00:00,"Giver Type","Civic Intent score",73.36824078003285,"Volunteered",109,,
2024-08-19 00:00:00,"Giver Type","Civic Intent score",74.98553676937539,"Advocated",78,,
2024-08-19 00:00:00,"State","Civic Intent score",13.612779329608932,"DC District of Columbia",4,,
2024-08-19 00:00:00,"State","Civic Intent score",29.60288994505818,"VT Vermont",6,,
2024-08-19 00:00:00,"State","Civic Intent score",33.81913407821228,"RI Rhode Island",4,,
2024-08-19 00:00:00,"State","Civic Intent score",39.17250469457138,"NC North Carolina",9,,
2024-08-19 00:00:00,"State","Civic Intent score",39.49894883031143,"KY Kentucky",7,,
2024-08-19 00:00:00,"State","Civic Intent score",45.44046562196981,"VA Virginia",11,,
2024-08-19 00:00:00,"State","Civic Intent score",49.711295445025485,"IN Indiana",8,,
2024-08-19 00:00:00,"State","Civic Intent score",51.51095960829118,"CO Colorado",11,,
2024-08-19 00:00:00,"State","Civic Intent score",51.68913943297098,"MO Missouri",12,,
2024-08-19 00:00:00,"State","Civic Intent score",52.46795300998878,"OK Oklahoma",7,,
2024-08-19 00:00:00,"State","Civic Intent score",52.84668470468237,"GA Georgia",18,,
2024-08-19 00:00:00,"State","Civic Intent score",54.51289601061923,"PA Pennsylvania",16,,
2024-08-19 00:00:00,"State","Civic Intent score",55.53896380253097,"MA Massachusetts",13,,
2024-08-19 00:00:00,"State","Civic Intent score",55.98639738189126,"WA Washington",12,,
2024-08-19 00:00:00,"State","Civic Intent score",56.65283795660358,"AL Alabama",9,,
2024-08-19 00:00:00,"State","Civic Intent score",56.93722359553438,"FL Florida",40,,
2024-08-19 00:00:00,"State","Civic Intent score",57.36872027205182,"OH Ohio",14,,
2024-08-19 00:00:00,"State","Civic Intent score",58.170790672805815,"CA California",48,,
2024-08-19 00:00:00,"State","Civic Intent score",58.46153692078996,"AZ Arizona",12,,
2024-08-19 00:00:00,"State","Civic Intent score",59.54478016195181,"IA Iowa",8,,
2024-08-19 00:00:00,"State","Civic Intent score",59.99469950315848,"MI Michigan",11,,
2024-08-19 00:00:00,"State","Civic Intent score",61.0276010566385,"TN Tennessee",7,,
2024-08-19 00:00:00,"State","Civic Intent score",61.534230331720934,"NY New York",27,,
2024-08-19 00:00:00,"State","Civic Intent score",61.834197824310046,"CT Connecticut",7,,
2024-08-19 00:00:00,"State","Civic Intent score",62.419132436758495,"WI Wisconsin",14,,
2024-08-19 00:00:00,"State","Civic Intent score",62.714885481965645,"IL Illinois",19,,
2024-08-19 00:00:00,"State","Civic Intent score",62.975665093310376,"TX Texas",24,,
2024-08-19 00:00:00,"State","Civic Intent score",63.398359319068874,"MD Maryland",12,,
2024-08-19 00:00:00,"State","Civic Intent score",63.962218509949786,"NJ New Jersey",10,,
2024-08-19 00:00:00,"State","Civic Intent score",64.36068435754188,"AR Arkansas",4,,
2024-08-19 00:00:00,"State","Civic Intent score",73.07506983240224,"ID Idaho",4,,
2024-08-26 00:00:00,"ACP Community Type","Civic Intent score",48.45356145251396,"LDS Enclaves",4,,
2024-08-26 00:00:00,"ACP Community Type","Civic Intent score",49.68286735855527,"Exurbs",35,,
2024-08-26 00:00:00,"ACP Community Type","Civic Intent score",54.39441419586258,"Middle Suburbs",8,,
2024-08-26 00:00:00,"ACP Community Type","Civic Intent score",55.274371077285345,"Graying America",33,,
2024-08-26 00:00:00,"ACP Community Type","Civic Intent score",55.70143594945437,"African American South",15,,
2024-08-26 00:00:00,"ACP Community Type","Civic Intent score",56.36509565079479,"College Towns",26,,
2024-08-26 00:00:00,"ACP Community Type","Civic Intent score",56.60753105065812,"Evangelical Hubs",9,,
2024-08-26 00:00:00,"ACP Community Type","Civic Intent score",57.35262641377101,"Big Cities",99,,
2024-08-26 00:00:00,"ACP Community Type","Civic Intent score",57.44475524609244,"Rural Middle America",26,,
2024-08-26 00:00:00,"ACP Community Type","Civic Intent score",57.76152234636871,"Not available",4,,
2024-08-26 00:00:00,"ACP Community Type","Civic Intent score",58.379347784925116,"Urban Burbs",108,,
2024-08-26 00:00:00,"ACP Community Type","Civic Intent score",58.97690725137677,"Working Class Country",13,,
2024-08-26 00:00:00,"ACP Community Type","Civic Intent score",60.46092183580148,"Hispanic Centers",15,,
2024-08-26 00:00:00,"ACP Community Type","Civic Intent score",62.370909100250046,"Military Posts",13,,
2024-08-26 00:00:00,"Age","Civic Intent score",55.87920297551638,"50 to 64",104,,
2024-08-26 00:00:00,"Age","Civic Intent score",55.97869491488787,"30 to 34",40,,
2024-08-26 00:00:00,"Age","Civic Intent score",56.22431483550605,"25 to 29",27,,
2024-08-26 00:00:00,"Age","Civic Intent score",56.48940419306357,"35 to 49",100,,
2024-08-26 00:00:00,"Age","Civic Intent score",57.01692453005088,"18 to 24",46,,
2024-08-26 00:00:00,"Age","Civic Intent score",60.068912338067335,"65 to 85",86,,
2024-08-26 00:00:00,"All","Civic Intent score",56.976720957776266,"All",403,,
2024-08-26 00:00:00,"Children in Home","Civic Intent score",56.2683708024634,"No children in home",285,,
2024-08-26 00:00:00,"Children in Home","Civic Intent score",58.63838315489426,"Children in home",118,,
2024-08-26 00:00:00,"Demographics","Civic Intent score",49.6444624524286,"Prefer not to answer",32,,
2024-08-26 00:00:00,"Demographics","Civic Intent score",51.21200699657667,"Under $25,000",57,,
2024-08-26 00:00:00,"Demographics","Civic Intent score",57.52932774475868,"$50,000 to $74,999",68,,
2024-08-26 00:00:00,"Demographics","Civic Intent score",58.15017974516027,"Over $150,000",57,,
2024-08-26 00:00:00,"Demographics","Civic Intent score",58.16923418786755,"$100,000 to $150,000",65,,
2024-08-26 00:00:00,"Demographics","Civic Intent score",60.31196733959847,"$75,000 to $99,999",52,,
2024-08-26 00:00:00,"Demographics","Civic Intent score",60.32170576090563,"$25,000 to $49,999",72,,
2024-08-26 00:00:00,"Ethnicity","Civic Intent score",35.55111100075338,"Prefer not to answer",7,,
2024-08-26 00:00:00,"Ethnicity","Civic Intent score",50.51041241807161,"Asian",15,,
2024-08-26 00:00:00,"Ethnicity","Civic Intent score",56.890051791950825,"Caucasian/White",300,,
2024-08-26 00:00:00,"Ethnicity","Civic Intent score",57.215194843362525,"Hispanic/Latino",43,,
2024-08-26 00:00:00,"Ethnicity","Civic Intent score",60.97549182082497,"African American",51,,
2024-08-26 00:00:00,"Ethnicity","Civic Intent score",61.96824842005066,"Eastern or Central European",5,,
2024-08-26 00:00:00,"Ethnicity","Civic Intent score",63.47724647275675,"Indigenous/ Native/First Nation",10,,
2024-08-26 00:00:00,"Ethnicity","Civic Intent score",65.33733597322588,"Other",6,,
2024-08-26 00:00:00,"Gender","Civic Intent score",55.93039407300721,"Male",194,,
2024-08-26 00:00:00,"Gender","Civic Intent score",57.827491499236096,"Female",206,,
2024-08-26 00:00:00,"Giver Type","Civic Intent score",38.03541622628674,"Non-giver",158,,
2024-08-26 00:00:00,"Giver Type","Civic Intent score",69.8921645221234,"Gave something else",123,,
2024-08-26 00:00:00,"Giver Type","Civic Intent score",70.91938498385237,"Gave items",151,,
2024-08-26 00:00:00,"Giver Type","Civic Intent score",71.50375090454871,"Gave to registered nonprofit",171,,
2024-08-26 00:00:00,"Giver Type","Civic Intent score",71.92443638851461,"Gave to individual",132,,
2024-08-26 00:00:00,"Giver Type","Civic Intent score",72.31199902075367,"Gave to informal group",125,,
2024-08-26 00:00:00,"Giver Type","Civic Intent score",72.64930541449891,"Gave money",141,,
2024-08-26 00:00:00,"Giver Type","Civic Intent score",74.53277925922823,"Advocated",76,,
2024-08-26 00:00:00,"Giver Type","Civic Intent score",74.5447164634875,"Volunteered",98,,
2024-08-26 00:00:00,"State","Civic Intent score",32.00803072625698,"UT Utah",4,,
2024-08-26 00:00:00,"State","Civic Intent score",43.354094138709776,"MN Minnesota",6,,
2024-08-26 00:00:00,"State","Civic Intent score",44.36992380417538,"NC North Carolina",12,,
2024-08-26 00:00:00,"State","Civic Intent score",50.32802175982908,"GA Georgia",14,,
2024-08-26 00:00:00,"State","Civic Intent score",52.77699712136018,"MO Missouri",12,,
2024-08-26 00:00:00,"State","Civic Intent score",52.809667472541356,"IN Indiana",9,,
2024-08-26 00:00:00,"State","Civic Intent score",52.83033263556853,"NV Nevada",6,,
2024-08-26 00:00:00,"State","Civic Intent score",53.30237430167597,"RI Rhode Island",4,,
2024-08-26 00:00:00,"State","Civic Intent score",54.571271438539185,"MA Massachusetts",11,,
2024-08-26 00:00:00,"State","Civic Intent score",54.761824332487244,"OR Oregon",8,,
2024-08-26 00:00:00,"State","Civic Intent score",55.732451614676805,"WA Washington",10,,
2024-08-26 00:00:00,"State","Civic Intent score",55.7878039762654,"MI Michigan",12,,
2024-08-26 00:00:00,"State","Civic Intent score",56.09085803792175,"OK Oklahoma",7,,
2024-08-26 00:00:00,"State","Civic Intent score",56.33992384298996,"OH Ohio",15,,
2024-08-26 00:00:00,"State","Civic Intent score",56.86069397528712,"CA California",48,,
2024-08-26 00:00:00,"State","Civic Intent score",56.978686040098346,"TX Texas",24,,
2024-08-26 00:00:00,"State","Civic Intent score",57.09894008230685,"AZ Arizona",12,,
2024-08-26 00:00:00,"State","Civic Intent score",57.29940245334528,"LA Louisiana",8,,
2024-08-26 00:00:00,"State","Civic Intent score",57.44801688625808,"ME Maine",6,,
2024-08-26 00:00:00,"State","Civic Intent score",57.626592550161924,"FL Florida",40,,
2024-08-26 00:00:00,"State","Civic Intent score",58.40380170270782,"KY Kentucky",7,,
2024-08-26 00:00:00,"State","Civic Intent score",58.63444893263008,"CO Colorado",11,,
2024-08-26 00:00:00,"State","Civic Intent score",59.522510737569604,"SC South Carolina",9,,
2024-08-26 00:00:00,"State","Civic Intent score",60.229522605597595,"MD Maryland",11,,
2024-08-26 00:00:00,"State","Civic Intent score",60.60998603351955,"AR Arkansas",4,,
2024-08-26 00:00:00,"State","Civic Intent score",61.105105808415104,"NY New York",26,,
2024-08-26 00:00:00,"State","Civic Intent score",61.24808365908468,"TN Tennessee",9,,
2024-08-26 00:00:00,"State","Civic Intent score",61.45086204672474,"IL Illinois",20,,
2024-08-26 00:00:00,"State","Civic Intent score",61.630229145017445,"PA Pennsylvania",14,,
2024-08-26 00:00:00,"State","Civic Intent score",66.16960552890444,"NJ New Jersey",12,,
2024-08-26 00:00:00,"State","Civic Intent score",73.81843575418992,"ID Idaho",4,,
2024-09-02 00:00:00,"ACP Community Type","Civic Intent score",33.05097765363128,"Aging Farmlands",4,,
2024-09-02 00:00:00,"ACP Community Type","Civic Intent score",51.46708203844095,"College Towns",30,,
2024-09-02 00:00:00,"ACP Community Type","Civic Intent score",53.19544600782851,"Exurbs",39,,
2024-09-02 00:00:00,"ACP Community Type","Civic Intent score",55.08463058745951,"Rural Middle America",25,,
2024-09-02 00:00:00,"ACP Community Type","Civic Intent score",55.481556676095664,"Graying America",26,,
2024-09-02 00:00:00,"ACP Community Type","Civic Intent score",55.496898889316974,"Middle Suburbs",11,,
2024-09-02 00:00:00,"ACP Community Type","Civic Intent score",55.866657293690636,"Evangelical Hubs",10,,
2024-09-02 00:00:00,"ACP Community Type","Civic Intent score",56.60778248380652,"Big Cities",94,,
2024-09-02 00:00:00,"ACP Community Type","Civic Intent score",56.97498417854699,"Military Posts",14,,
2024-09-02 00:00:00,"ACP Community Type","Civic Intent score",57.78449320801577,"Working Class Country",12,,
2024-09-02 00:00:00,"ACP Community Type","Civic Intent score",57.91309727975032,"Urban Burbs",102,,
2024-09-02 00:00:00,"ACP Community Type","Civic Intent score",61.614605890975604,"Hispanic Centers",15,,
2024-09-02 00:00:00,"ACP Community Type","Civic Intent score",62.44029329608938,"Not available",4,,
2024-09-02 00:00:00,"ACP Community Type","Civic Intent score",63.44024561140192,"African American South",18,,
2024-09-02 00:00:00,"ACP Community Type","Civic Intent score",65.09168076147769,"LDS Enclaves",5,,
2024-09-02 00:00:00,"Age","Civic Intent score",53.74133465493021,"30 to 34",38,,
2024-09-02 00:00:00,"Age","Civic Intent score",55.74964914337848,"35 to 49",101,,
2024-09-02 00:00:00,"Age","Civic Intent score",56.1848247211133,"18 to 24",46,,
2024-09-02 00:00:00,"Age","Civic Intent score",56.48359950774593,"50 to 64",102,,
2024-09-02 00:00:00,"Age","Civic Intent score",57.47141552004435,"25 to 29",29,,
2024-09-02 00:00:00,"Age","Civic Intent score",60.09164328467283,"65 to 85",87,,
2024-09-02 00:00:00,"All","Civic Intent score",56.69476728708717,"All",403,,
2024-09-02 00:00:00,"Children in Home","Civic Intent score",55.46263698572296,"No children in home",286,,
2024-09-02 00:00:00,"Children in Home","Civic Intent score",59.61931444670415,"Children in home",117,,
2024-09-02 00:00:00,"Demographics","Civic Intent score",47.86605734746162,"Prefer not to answer",26,,
2024-09-02 00:00:00,"Demographics","Civic Intent score",51.522028973000346,"Under $25,000",66,,
2024-09-02 00:00:00,"Demographics","Civic Intent score",56.71324957635646,"$50,000 to $74,999",64,,
2024-09-02 00:00:00,"Demographics","Civic Intent score",57.0325957034242,"$25,000 to $49,999",76,,
2024-09-02 00:00:00,"Demographics","Civic Intent score",59.2933938546252,"$100,000 to $150,000",65,,
2024-09-02 00:00:00,"Demographics","Civic Intent score",59.635209521006374,"Over $150,000",54,,
2024-09-02 00:00:00,"Demographics","Civic Intent score",61.581537778022124,"$75,000 to $99,999",52,,
2024-09-02 00:00:00,"Ethnicity","Civic Intent score",27.099794161168383,"Prefer not to answer",7,,
2024-09-02 00:00:00,"Ethnicity","Civic Intent score",51.85723171263707,"Indigenous/ Native/First Nation",7,,
2024-09-02 00:00:00,"Ethnicity","Civic Intent score",54.61800683235752,"Hispanic/Latino",37,,
2024-09-02 00:00:00,"Ethnicity","Civic Intent score",57.13760911455107,"Caucasian/White",302,,
2024-09-02 00:00:00,"Ethnicity","Civic Intent score",58.55850053772318,"Asian",16,,
2024-09-02 00:00:00,"Ethnicity","Civic Intent score",58.849208933774975,"African American",57,,
2024-09-02 00:00:00,"Gender","Civic Intent score",55.75081285562274,"Female",203,,
2024-09-02 00:00:00,"Gender","Civic Intent score",57.47744364715513,"Male",197,,
2024-09-02 00:00:00,"Giver Type","Civic Intent score",37.09420084094803,"Non-giver",159,,
2024-09-02 00:00:00,"Giver Type","Civic Intent score",69.4302862583907,"Gave something else",121,,
2024-09-02 00:00:00,"Giver Type","Civic Intent score",72.04561729658066,"Gave items",143,,
2024-09-02 00:00:00,"Giver Type","Civic Intent score",72.09372115805799,"Gave to registered nonprofit",167,,
2024-09-02 00:00:00,"Giver Type","Civic Intent score",72.95170779949778,"Gave to individual",128,,
2024-09-02 00:00:00,"Giver Type","Civic Intent score",73.00719501668075,"Gave money",140,,
2024-09-02 00:00:00,"Giver Type","Civic Intent score",74.05074076757033,"Gave to informal group",116,,
2024-09-02 00:00:00,"Giver Type","Civic Intent score",75.49003305589598,"Advocated",77,,
2024-09-02 00:00:00,"Giver Type","Civic Intent score",75.96835906196867,"Volunteered",97,,
2024-09-02 00:00:00,"State","Civic Intent score",14.96438547486033,"SD South Dakota",4,,
2024-09-02 00:00:00,"State","Civic Intent score",33.864637639317124,"DC District of Columbia",5,,
2024-09-02 00:00:00,"State","Civic Intent score",34.02842778713257,"NE Nebraska",7,,
2024-09-02 00:00:00,"State","Civic Intent score",37.585529720194806,"MS Mississippi",5,,
2024-09-02 00:00:00,"State","Civic Intent score",39.16992905120343,"VT Vermont",6,,
2024-09-02 00:00:00,"State","Civic Intent score",42.273393854748605,"UT Utah",4,,
2024-09-02 00:00:00,"State","Civic Intent score",42.520195937333305,"NC North Carolina",12,,
2024-09-02 00:00:00,"State","Civic Intent score",42.68160183956449,"MN Minnesota",7,,
2024-09-02 00:00:00,"State","Civic Intent score",46.40641333109406,"VA Virginia",9,,
2024-09-02 00:00:00,"State","Civic Intent score",47.67197345836981,"WA Washington",8,,
2024-09-02 00:00:00,"State","Civic Intent score",48.43296336341233,"MI Michigan",10,,
2024-09-02 00:00:00,"State","Civic Intent score",50.66212281968421,"MO Missouri",12,,
2024-09-02 00:00:00,"State","Civic Intent score",52.672329540812854,"TN Tennessee",13,,
2024-09-02 00:00:00,"State","Civic Intent score",52.892905099525464,"OK Oklahoma",5,,
2024-09-02 00:00:00,"State","Civic Intent score",52.92388268156423,"HI Hawaii",4,,
2024-09-02 00:00:00,"State","Civic Intent score",53.35102808473876,"ME Maine",5,,
2024-09-02 00:00:00,"State","Civic Intent score",53.36874380380915,"MA Massachusetts",13,,
2024-09-02 00:00:00,"State","Civic Intent score",54.43532296758976,"AL Alabama",7,,
2024-09-02 00:00:00,"State","Civic Intent score",55.44220431618683,"AZ Arizona",9,,
2024-09-02 00:00:00,"State","Civic Intent score",56.04988224922613,"TX Texas",23,,
2024-09-02 00:00:00,"State","Civic Intent score",56.07087988826815,"AR Arkansas",4,,
2024-09-02 00:00:00,"State","Civic Intent score",56.626958461568734,"OR Oregon",10,,
2024-09-02 00:00:00,"State","Civic Intent score",56.994361141297425,"CO Colorado",12,,
2024-09-02 00:00:00,"State","Civic Intent score",57.1661015856173,"GA Georgia",13,,
2024-09-02 00:00:00,"State","Civic Intent score",57.49337512967958,"NV Nevada",7,,
2024-09-02 00:00:00,"State","Civic Intent score",57.78960845700073,"CA California",45,,
2024-09-02 00:00:00,"State","Civic Intent score",58.12923399949193,"FL Florida",35,,
2024-09-02 00:00:00,"State","Civic Intent score",58.37918561086883,"NY New York",18,,
2024-09-02 00:00:00,"State","Civic Intent score",58.559349655072914,"WI Wisconsin",15,,
2024-09-02 00:00:00,"State","Civic Intent score",58.69980103008972,"IN Indiana",7,,
2024-09-02 00:00:00,"State","Civic Intent score",59.955169969413966,"IA Iowa",8,,
2024-09-02 00:00:00,"State","Civic Intent score",60.42510886273134,"OH Ohio",14,,
2024-09-02 00:00:00,"State","Civic Intent score",61.205346155742156,"IL Illinois",20,,
2024-09-02 00:00:00,"State","Civic Intent score",61.33038716315333,"PA Pennsylvania",18,,
2024-09-02 00:00:00,"State","Civic Intent score",62.62593341808497,"MD Maryland",9,,
2024-09-02 00:00:00,"State","Civic Intent score",63.745182389060574,"KY Kentucky",7,,
2024-09-02 00:00:00,"State","Civic Intent score",64.42295537822154,"LA Louisiana",9,,
2024-09-02 00:00:00,"State","Civic Intent score",65.3848604948225,"NJ New Jersey",13,,
2024-09-02 00:00:00,"State","Civic Intent score",79.25069832402234,"ID Idaho",4,,
2024-09-09 00:00:00,"ACP Community Type","Civic Intent score",47.387988984798945,"College Towns",29,,
2024-09-09 00:00:00,"ACP Community Type","Civic Intent score",52.35932671374453,"Hispanic Centers",17,,
2024-09-09 00:00:00,"ACP Community Type","Civic Intent score",52.92499172540589,"Exurbs",37,,
2024-09-09 00:00:00,"ACP Community Type","Civic Intent score",53.636426604301434,"Evangelical Hubs",11,,
2024-09-09 00:00:00,"ACP Community Type","Civic Intent score",54.73904921478962,"Urban Burbs",99,,
2024-09-09 00:00:00,"ACP Community Type","Civic Intent score",55.66583207121941,"Rural Middle America",22,,
2024-09-09 00:00:00,"ACP Community Type","Civic Intent score",55.72829536124805,"Military Posts",12,,
2024-09-09 00:00:00,"ACP Community Type","Civic Intent score",57.36785020204556,"Middle Suburbs",12,,
2024-09-09 00:00:00,"ACP Community Type","Civic Intent score",57.85060517734112,"Big Cities",104,,
2024-09-09 00:00:00,"ACP Community Type","Civic Intent score",61.20832336815809,"African American South",16,,
2024-09-09 00:00:00,"ACP Community Type","Civic Intent score",62.62465985215087,"Graying America",22,,
2024-09-09 00:00:00,"ACP Community Type","Civic Intent score",63.23305491516326,"Working Class Country",11,,
2024-09-09 00:00:00,"ACP Community Type","Civic Intent score",63.85385686064608,"LDS Enclaves",6,,
2024-09-09 00:00:00,"ACP Community Type","Civic Intent score",66.52482297332783,"Not available",5,,
2024-09-09 00:00:00,"Age","Civic Intent score",54.037464373746595,"50 to 64",102,,
2024-09-09 00:00:00,"Age","Civic Intent score",54.70921480787148,"30 to 34",44,,
2024-09-09 00:00:00,"Age","Civic Intent score",54.71923454176929,"18 to 24",46,,
2024-09-09 00:00:00,"Age","Civic Intent score",56.264726532359084,"25 to 29",23,,
2024-09-09 00:00:00,"Age","Civic Intent score",57.08230338562277,"35 to 49",100,,
2024-09-09 00:00:00,"Age","Civic Intent score",59.70278669718254,"65 to 85",87,,
2024-09-09 00:00:00,"All","Civic Intent score",56.15799611447077,"All",402,,
2024-09-09 00:00:00,"Children in Home","Civic Intent score",54.129376483355124,"No children in home",280,,
2024-09-09 00:00:00,"Children in Home","Civic Intent score",60.650288220723034,"Children in home",122,,
2024-09-09 00:00:00,"Demographics","Civic Intent score",46.31348593385757,"Prefer not to answer",24,,
2024-09-09 00:00:00,"Demographics","Civic Intent score",51.4237318401948,"Under $25,000",61,,
2024-09-09 00:00:00,"Demographics","Civic Intent score",55.302059942126235,"$50,000 to $74,999",71,,
2024-09-09 00:00:00,"Demographics","Civic Intent score",56.179387987110545,"$25,000 to $49,999",71,,
2024-09-09 00:00:00,"Demographics","Civic Intent score",59.0265240389571,"$100,000 to $150,000",63,,
2024-09-09 00:00:00,"Demographics","Civic Intent score",59.74077737650185,"$75,000 to $99,999",55,,
2024-09-09 00:00:00,"Demographics","Civic Intent score",60.483818871396664,"Over $150,000",57,,
2024-09-09 00:00:00,"Ethnicity","Civic Intent score",36.20691840684312,"Prefer not to answer",8,,
2024-09-09 00:00:00,"Ethnicity","Civic Intent score",54.50884901480538,"Indigenous/ Native/First Nation",7,,
2024-09-09 00:00:00,"Ethnicity","Civic Intent score",55.57752206117547,"Hispanic/Latino",43,,
2024-09-09 00:00:00,"Ethnicity","Civic Intent score",56.52021144917056,"Caucasian/White",299,,
2024-09-09 00:00:00,"Ethnicity","Civic Intent score",57.63152517947725,"Asian",16,,
2024-09-09 00:00:00,"Ethnicity","Civic Intent score",57.84741640467514,"African American",52,,
2024-09-09 00:00:00,"Ethnicity","Civic Intent score",62.00620095006957,"Other",6,,
2024-09-09 00:00:00,"Gender","Civic Intent score",49.85474860335196,"Prefer not to answer",4,,
2024-09-09 00:00:00,"Gender","Civic Intent score",55.08574374159038,"Female",206,,
2024-09-09 00:00:00,"Gender","Civic Intent score",57.232383941617236,"Male",194,,
2024-09-09 00:00:00,"Gender","Civic Intent score",57.43066197084477,"In another way",5,,
2024-09-09 00:00:00,"Giver Type","Civic Intent score",37.72566880518652,"Non-giver",165,,
2024-09-09 00:00:00,"Giver Type","Civic Intent score",68.78849694120566,"Gave something else",118,,
2024-09-09 00:00:00,"Giver Type","Civic Intent score",70.99319107273487,"Gave items",130,,
2024-09-09 00:00:00,"Giver Type","Civic Intent score",71.77181613376433,"Gave to registered nonprofit",158,,
2024-09-09 00:00:00,"Giver Type","Civic Intent score",71.82412600169724,"Gave to individual",118,,
2024-09-09 00:00:00,"Giver Type","Civic Intent score",72.44416798211225,"Gave money",131,,
2024-09-09 00:00:00,"Giver Type","Civic Intent score",73.16690600046543,"Gave to informal group",111,,
2024-09-09 00:00:00,"Giver Type","Civic Intent score",74.2206790231227,"Advocated",75,,
2024-09-09 00:00:00,"Giver Type","Civic Intent score",75.5166448714367,"Volunteered",90,,
2024-09-09 00:00:00,"State","Civic Intent score",1.9654329608938548,"MT Montana",4,,
2024-09-09 00:00:00,"State","Civic Intent score",42.07384840137303,"KS Kansas",8,,
2024-09-09 00:00:00,"State","Civic Intent score",44.13119680030712,"NC North Carolina",12,,
2024-09-09 00:00:00,"State","Civic Intent score",45.937485027457384,"MS Mississippi",5,,
2024-09-09 00:00:00,"State","Civic Intent score",45.99895067935802,"VA Virginia",13,,
2024-09-09 00:00:00,"State","Civic Intent score",47.52899589537478,"MI Michigan",10,,
2024-09-09 00:00:00,"State","Civic Intent score",48.489600880906956,"WA Washington",10,,
2024-09-09 00:00:00,"State","Civic Intent score",49.0235264043831,"TN Tennessee",12,,
2024-09-09 00:00:00,"State","Civic Intent score",51.16602287927032,"MD Maryland",8,,
2024-09-09 00:00:00,"State","Civic Intent score",53.20061429360794,"MN Minnesota",8,,
2024-09-09 00:00:00,"State","Civic Intent score",54.14036312849162,"OK Oklahoma",4,,
2024-09-09 00:00:00,"State","Civic Intent score",54.19713802660482,"TX Texas",27,,
2024-09-09 00:00:00,"State","Civic Intent score",55.83457802425893,"MA Massachusetts",13,,
2024-09-09 00:00:00,"State","Civic Intent score",56.77906646997569,"CA California",44,,
2024-09-09 00:00:00,"State","Civic Intent score",57.106274825076184,"AZ Arizona",10,,
2024-09-09 00:00:00,"State","Civic Intent score",57.64892029621484,"FL Florida",38,,
2024-09-09 00:00:00,"State","Civic Intent score",58.08282110062758,"CO Colorado",8,,
2024-09-09 00:00:00,"State","Civic Intent score",58.195065779552706,"NY New York",14,,
2024-09-09 00:00:00,"State","Civic Intent score",58.55582641973708,"GA Georgia",12,,
2024-09-09 00:00:00,"State","Civic Intent score",58.69807693173934,"WI Wisconsin",11,,
2024-09-09 00:00:00,"State","Civic Intent score",58.96999294620956,"PA Pennsylvania",18,,
2024-09-09 00:00:00,"State","Civic Intent score",59.3085563168575,"IN Indiana",8,,
2024-09-09 00:00:00,"State","Civic Intent score",59.7250462831537,"OH Ohio",18,,
2024-09-09 00:00:00,"State","Civic Intent score",60.29323311587823,"NJ New Jersey",16,,
2024-09-09 00:00:00,"State","Civic Intent score",60.615861316133646,"KY Kentucky",7,,
2024-09-09 00:00:00,"State","Civic Intent score",60.79048937073894,"UT Utah",5,,
2024-09-09 00:00:00,"State","Civic Intent score",61.076017457191135,"CT Connecticut",7,,
2024-09-09 00:00:00,"State","Civic Intent score",61.51574455595157,"IL Illinois",19,,
2024-09-09 00:00:00,"State","Civic Intent score",63.34665477349195,"LA Louisiana",10,,
2024-09-09 00:00:00,"State","Civic Intent score",64.53665935174051,"NV Nevada",6,,
2024-09-16 00:00:00,"ACP Community Type","Civic Intent score",50.66874015371092,"Hispanic Centers",16,,
2024-09-16 00:00:00,"ACP Community Type","Civic Intent score",51.66178640252554,"College Towns",33,,
2024-09-16 00:00:00,"ACP Community Type","Civic Intent score",52.960102259716734,"Rural Middle America",21,,
2024-09-16 00:00:00,"ACP Community Type","Civic Intent score",53.52208251585638,"Evangelical Hubs",7,,
2024-09-16 00:00:00,"ACP Community Type","Civic Intent score",53.88348663744541,"Urban Burbs",87,,
2024-09-16 00:00:00,"ACP Community Type","Civic Intent score",54.303066636841194,"Exurbs",47,,
2024-09-16 00:00:00,"ACP Community Type","Civic Intent score",56.82659040218401,"Military Posts",10,,
2024-09-16 00:00:00,"ACP Community Type","Civic Intent score",57.01193772532304,"Middle Suburbs",12,,
2024-09-16 00:00:00,"ACP Community Type","Civic Intent score",58.01466604156211,"Big Cities",115,,
2024-09-16 00:00:00,"ACP Community Type","Civic Intent score",59.156483950107415,"Working Class Country",10,,
2024-09-16 00:00:00,"ACP Community Type","Civic Intent score",61.18126392036471,"African American South",13,,
2024-09-16 00:00:00,"ACP Community Type","Civic Intent score",61.21969739579988,"Graying America",21,,
2024-09-16 00:00:00,"ACP Community Type","Civic Intent score",69.06672241466862,"Not available",5,,
2024-09-16 00:00:00,"Age","Civic Intent score",53.17839627363994,"18 to 24",47,,
2024-09-16 00:00:00,"Age","Civic Intent score",53.97605753085326,"30 to 34",47,,
2024-09-16 00:00:00,"Age","Civic Intent score",55.1320482091662,"35 to 49",99,,
2024-09-16 00:00:00,"Age","Civic Intent score",55.421857879233215,"50 to 64",102,,
2024-09-16 00:00:00,"Age","Civic Intent score",59.44795918474782,"65 to 85",87,,
2024-09-16 00:00:00,"Age","Civic Intent score",62.17900432438786,"25 to 29",21,,
2024-09-16 00:00:00,"All","Civic Intent score",56.03865916984047,"All",403,,
2024-09-16 00:00:00,"Children in Home","Civic Intent score",54.15938743888539,"No children in home",273,,
2024-09-16 00:00:00,"Children in Home","Civic Intent score",59.8614141811359,"Children in home",130,,
2024-09-16 00:00:00,"Demographics","Civic Intent score",46.52316639508923,"Prefer not to answer",27,,
2024-09-16 00:00:00,"Demographics","Civic Intent score",52.01867916535076,"Under $25,000",48,,
2024-09-16 00:00:00,"Demographics","Civic Intent score",54.32723049562209,"$25,000 to $49,999",71,,
2024-09-16 00:00:00,"Demographics","Civic Intent score",55.41518849259024,"$75,000 to $99,999",51,,
2024-09-16 00:00:00,"Demographics","Civic Intent score",57.629419130825426,"Over $150,000",69,,
2024-09-16 00:00:00,"Demographics","Civic Intent score",58.24737714402243,"$50,000 to $74,999",64,,
2024-09-16 00:00:00,"Demographics","Civic Intent score",61.03386848350255,"$100,000 to $150,000",73,,
2024-09-16 00:00:00,"Ethnicity","Civic Intent score",40.81546160659065,"Prefer not to answer",9,,
2024-09-16 00:00:00,"Ethnicity","Civic Intent score",50.343579951703596,"Hispanic/Latino",39,,
2024-09-16 00:00:00,"Ethnicity","Civic Intent score",53.13215308503681,"Indigenous/ Native/First Nation",7,,
2024-09-16 00:00:00,"Ethnicity","Civic Intent score",53.3274300003489,"Other",6,,
2024-09-16 00:00:00,"Ethnicity","Civic Intent score",55.33307596574823,"Asian",17,,
2024-09-16 00:00:00,"Ethnicity","Civic Intent score",56.946318482644784,"Caucasian/White",302,,
2024-09-16 00:00:00,"Ethnicity","Civic Intent score",58.12135994248487,"African American",49,,
2024-09-16 00:00:00,"Gender","Civic Intent score",54.44454367371118,"Female",204,,
2024-09-16 00:00:00,"Gender","Civic Intent score",57.60512036928868,"Male",197,,
2024-09-16 00:00:00,"Giver Type","Civic Intent score",37.27453514253843,"Non-giver",165,,
2024-09-16 00:00:00,"Giver Type","Civic Intent score",69.71107651118363,"Gave something else",121,,
2024-09-16 00:00:00,"Giver Type","Civic Intent score",71.80866792562414,"Gave items",131,,
2024-09-16 00:00:00,"Giver Type","Civic Intent score",71.81949013473606,"Gave to registered nonprofit",154,,
2024-09-16 00:00:00,"Giver Type","Civic Intent score",72.60286691758459,"Gave to individual",120,,
2024-09-16 00:00:00,"Giver Type","Civic Intent score",72.86177829048384,"Gave money",131,,
2024-09-16 00:00:00,"Giver Type","Civic Intent score",73.83467915067192,"Gave to informal group",112,,
2024-09-16 00:00:00,"Giver Type","Civic Intent score",74.96479814902055,"Advocated",69,,
2024-09-16 00:00:00,"Giver Type","Civic Intent score",75.5510589702977,"Volunteered",94,,
2024-09-16 00:00:00,"State","Civic Intent score",46.04484003973004,"RI Rhode Island",5,,
2024-09-16 00:00:00,"State","Civic Intent score",46.774365258137735,"MN Minnesota",7,,
2024-09-16 00:00:00,"State","Civic Intent score",47.49652458585611,"CO Colorado",11,,
2024-09-16 00:00:00,"State","Civic Intent score",47.65178847730594,"DC District of Columbia",5,,
2024-09-16 00:00:00,"State","Civic Intent score",48.34837363347163,"VA Virginia",13,,
2024-09-16 00:00:00,"State","Civic Intent score",48.52606713117742,"MI Michigan",10,,
2024-09-16 00:00:00,"State","Civic Intent score",49.00872905027932,"HI Hawaii",4,,
2024-09-16 00:00:00,"State","Civic Intent score",49.929884320745636,"NE Nebraska",7,,
2024-09-16 00:00:00,"State","Civic Intent score",50.057760478162535,"MD Maryland",10,,
2024-09-16 00:00:00,"State","Civic Intent score",51.456450966382626,"TN Tennessee",13,,
2024-09-16 00:00:00,"State","Civic Intent score",52.57925977653631,"NM New Mexico",4,,
2024-09-16 00:00:00,"State","Civic Intent score",52.70297937156088,"TX Texas",33,,
2024-09-16 00:00:00,"State","Civic Intent score",53.13819492460615,"CT Connecticut",5,,
2024-09-16 00:00:00,"State","Civic Intent score",53.67422034144629,"NY New York",12,,
2024-09-16 00:00:00,"State","Civic Intent score",53.85090782122906,"OK Oklahoma",4,,
2024-09-16 00:00:00,"State","Civic Intent score",53.94067058424937,"AZ Arizona",10,,
2024-09-16 00:00:00,"State","Civic Intent score",54.37588838241244,"WI Wisconsin",9,,
2024-09-16 00:00:00,"State","Civic Intent score",54.885263088950076,"NC North Carolina",11,,
2024-09-16 00:00:00,"State","Civic Intent score",55.47906712746845,"FL Florida",38,,
2024-09-16 00:00:00,"State","Civic Intent score",55.50805355726987,"MA Massachusetts",12,,
2024-09-16 00:00:00,"State","Civic Intent score",56.712427804722275,"CA California",43,,
2024-09-16 00:00:00,"State","Civic Intent score",58.49324233803955,"MO Missouri",13,,
2024-09-16 00:00:00,"State","Civic Intent score",59.33453719422827,"IL Illinois",19,,
2024-09-16 00:00:00,"State","Civic Intent score",60.3415444113951,"NJ New Jersey",17,,
2024-09-16 00:00:00,"State","Civic Intent score",60.44481852621969,"IN Indiana",9,,
2024-09-16 00:00:00,"State","Civic Intent score",61.73286561155131,"OH Ohio",16,,
2024-09-16 00:00:00,"State","Civic Intent score",61.85575610937434,"PA Pennsylvania",21,,
2024-09-16 00:00:00,"State","Civic Intent score",63.40684242519085,"OR Oregon",11,,
2024-09-16 00:00:00,"State","Civic Intent score",64.37094047843875,"GA Georgia",8,,
2024-09-16 00:00:00,"State","Civic Intent score",64.44518990558389,"LA Louisiana",10,,
2024-09-16 00:00:00,"State","Civic Intent score",68.15102511968153,"NV Nevada",6,,
2024-09-16 00:00:00,"State","Civic Intent score",69.36872806430274,"AL Alabama",6,,
2024-09-16 00:00:00,"State","Civic Intent score",80.73184357541898,"ID Idaho",4,,
2024-09-23 00:00:00,"ACP Community Type","Civic Intent score",47.837290590138046,"Military Posts",10,,
2024-09-23 00:00:00,"ACP Community Type","Civic Intent score",50.57668384804863,"Hispanic Centers",15,,
2024-09-23 00:00:00,"ACP Community Type","Civic Intent score",52.03464850458043,"College Towns",35,,
2024-09-23 00:00:00,"ACP Community Type","Civic Intent score",52.63109138471316,"Working Class Country",8,,
2024-09-23 00:00:00,"ACP Community Type","Civic Intent score",53.4117919169509,"Urban Burbs",81,,
2024-09-23 00:00:00,"ACP Community Type","Civic Intent score",53.585604540227244,"Exurbs",49,,
2024-09-23 00:00:00,"ACP Community Type","Civic Intent score",55.99978026589225,"Rural Middle America",23,,
2024-09-23 00:00:00,"ACP Community Type","Civic Intent score",56.69881232254983,"Middle Suburbs",16,,
2024-09-23 00:00:00,"ACP Community Type","Civic Intent score",57.99964721295812,"Graying America",22,,
2024-09-23 00:00:00,"ACP Community Type","Civic Intent score",58.82962877755896,"Big Cities",111,,
2024-09-23 00:00:00,"ACP Community Type","Civic Intent score",59.37573926975099,"Evangelical Hubs",11,,
2024-09-23 00:00:00,"ACP Community Type","Civic Intent score",63.693992068650104,"African American South",13,,
2024-09-23 00:00:00,"ACP Community Type","Civic Intent score",64.08663153476154,"LDS Enclaves",6,,
2024-09-23 00:00:00,"Age","Civic Intent score",53.42920796963937,"50 to 64",102,,
2024-09-23 00:00:00,"Age","Civic Intent score",54.739275546744054,"35 to 49",100,,
2024-09-23 00:00:00,"Age","Civic Intent score",56.82355521789456,"30 to 34",48,,
2024-09-23 00:00:00,"Age","Civic Intent score",56.979267028137734,"18 to 24",47,,
2024-09-23 00:00:00,"Age","Civic Intent score",57.320731764929604,"65 to 85",87,,
2024-09-23 00:00:00,"Age","Civic Intent score",63.11703187595033,"25 to 29",20,,
2024-09-23 00:00:00,"All","Civic Intent score",55.94236313057246,"All",404,,
2024-09-23 00:00:00,"Children in Home","Civic Intent score",53.15893488737526,"No children in home",265,,
2024-09-23 00:00:00,"Children in Home","Civic Intent score",61.01961453366449,"Children in home",139,,
2024-09-23 00:00:00,"Demographics","Civic Intent score",49.57240681837386,"Prefer not to answer",26,,
2024-09-23 00:00:00,"Demographics","Civic Intent score",51.4208099465112,"$25,000 to $49,999",63,,
2024-09-23 00:00:00,"Demographics","Civic Intent score",55.52098331841279,"Under $25,000",51,,
2024-09-23 00:00:00,"Demographics","Civic Intent score",56.21346813163816,"$75,000 to $99,999",57,,
2024-09-23 00:00:00,"Demographics","Civic Intent score",56.739351407320534,"$50,000 to $74,999",68,,
2024-09-23 00:00:00,"Demographics","Civic Intent score",58.01701651714154,"Over $150,000",74,,
2024-09-23 00:00:00,"Demographics","Civic Intent score",59.63888349465464,"$100,000 to $150,000",65,,
2024-09-23 00:00:00,"Ethnicity","Civic Intent score",38.55714638308783,"Prefer not to answer",7,,
2024-09-23 00:00:00,"Ethnicity","Civic Intent score",53.01780689149697,"Asian",20,,
2024-09-23 00:00:00,"Ethnicity","Civic Intent score",54.73363503445798,"Hispanic/Latino",37,,
2024-09-23 00:00:00,"Ethnicity","Civic Intent score",56.638574058864975,"Caucasian/White",310,,
2024-09-23 00:00:00,"Ethnicity","Civic Intent score",57.239243895231304,"African American",39,,
2024-09-23 00:00:00,"Ethnicity","Civic Intent score",64.84951117318435,"Eastern or Central European",4,,
2024-09-23 00:00:00,"Gender","Civic Intent score",44.407821229050285,"Prefer not to answer",4,,
2024-09-23 00:00:00,"Gender","Civic Intent score",54.31298173941943,"Female",203,,
2024-09-23 00:00:00,"Gender","Civic Intent score",57.727160434560794,"Male",198,,
2024-09-23 00:00:00,"Giver Type","Civic Intent score",37.85865834282158,"Non-giver",171,,
2024-09-23 00:00:00,"Giver Type","Civic Intent score",70.31298720663922,"Gave something else",120,,
2024-09-23 00:00:00,"Giver Type","Civic Intent score",71.43538063779403,"Gave items",131,,
2024-09-23 00:00:00,"Giver Type","Civic Intent score",71.87362476791691,"Gave to registered nonprofit",153,,
2024-09-23 00:00:00,"Giver Type","Civic Intent score",72.82951646528345,"Gave to individual",121,,
2024-09-23 00:00:00,"Giver Type","Civic Intent score",73.388190228028,"Gave money",120,,
2024-09-23 00:00:00,"Giver Type","Civic Intent score",73.73680635083662,"Gave to informal group",111,,
2024-09-23 00:00:00,"Giver Type","Civic Intent score",75.1643181241665,"Volunteered",97,,
2024-09-23 00:00:00,"Giver Type","Civic Intent score",76.33837211932237,"Advocated",62,,
2024-09-23 00:00:00,"State","Civic Intent score",43.57541899441341,"OK Oklahoma",4,,
2024-09-23 00:00:00,"State","Civic Intent score",43.99999999999999,"CT Connecticut",4,,
2024-09-23 00:00:00,"State","Civic Intent score",47.8490775360348,"CO Colorado",13,,
2024-09-23 00:00:00,"State","Civic Intent score",50.16063922662397,"MI Michigan",9,,
2024-09-23 00:00:00,"State","Civic Intent score",51.19504387829757,"VA Virginia",9,,
2024-09-23 00:00:00,"State","Civic Intent score",51.40761815703483,"MN Minnesota",8,,
2024-09-23 00:00:00,"State","Civic Intent score",52.02198330697272,"MD Maryland",9,,
2024-09-23 00:00:00,"State","Civic Intent score",52.03298824239128,"TN Tennessee",13,,
2024-09-23 00:00:00,"State","Civic Intent score",52.160265363128474,"AR Arkansas",4,,
2024-09-23 00:00:00,"State","Civic Intent score",52.55626281567166,"NC North Carolina",9,,
2024-09-23 00:00:00,"State","Civic Intent score",53.088701258167646,"WA Washington",8,,
2024-09-23 00:00:00,"State","Civic Intent score",54.179178958826405,"KS Kansas",6,,
2024-09-23 00:00:00,"State","Civic Intent score",54.620567873929105,"AZ Arizona",11,,
2024-09-23 00:00:00,"State","Civic Intent score",55.285664375668574,"IA Iowa",9,,
2024-09-23 00:00:00,"State","Civic Intent score",55.48512590583634,"OR Oregon",11,,
2024-09-23 00:00:00,"State","Civic Intent score",56.068394806464354,"MA Massachusetts",11,,
2024-09-23 00:00:00,"State","Civic Intent score",56.28337676481249,"TX Texas",35,,
2024-09-23 00:00:00,"State","Civic Intent score",56.31971044583482,"FL Florida",39,,
2024-09-23 00:00:00,"State","Civic Intent score",56.68928562246718,"CA California",41,,
2024-09-23 00:00:00,"State","Civic Intent score",57.04115900000164,"NY New York",16,,
2024-09-23 00:00:00,"State","Civic Intent score",58.55735599908319,"GA Georgia",11,,
2024-09-23 00:00:00,"State","Civic Intent score",58.61904742302308,"NJ New Jersey",15,,
2024-09-23 00:00:00,"State","Civic Intent score",58.787416745040616,"UT Utah",5,,
2024-09-23 00:00:00,"State","Civic Intent score",59.517444556470714,"IL Illinois",13,,
2024-09-23 00:00:00,"State","Civic Intent score",59.94719616753182,"IN Indiana",10,,
2024-09-23 00:00:00,"State","Civic Intent score",60.62419036790567,"OH Ohio",17,,
2024-09-23 00:00:00,"State","Civic Intent score",61.1981755569171,"PA Pennsylvania",20,,
2024-09-23 00:00:00,"State","Civic Intent score",61.29622174921534,"LA Louisiana",9,,
2024-09-23 00:00:00,"State","Civic Intent score",61.620953967589365,"VT Vermont",5,,
2024-09-23 00:00:00,"State","Civic Intent score",62.18876988316867,"MO Missouri",8,,
2024-09-23 00:00:00,"State","Civic Intent score",63.20135511330302,"NV Nevada",8,,
2024-09-23 00:00:00,"State","Civic Intent score",73.73031723361315,"AL Alabama",5,,
2024-09-30 00:00:00,"ACP Community Type","Civic Intent score",49.98826236550296,"Hispanic Centers",13,,
2024-09-30 00:00:00,"ACP Community Type","Civic Intent score",50.56895452770678,"College Towns",33,,
2024-09-30 00:00:00,"ACP Community Type","Civic Intent score",51.37182951407762,"Exurbs",49,,
2024-09-30 00:00:00,"ACP Community Type","Civic Intent score",51.50032350002867,"Urban Burbs",81,,
2024-09-30 00:00:00,"ACP Community Type","Civic Intent score",57.195605310643984,"Middle Suburbs",13,,
2024-09-30 00:00:00,"ACP Community Type","Civic Intent score",57.278126259357926,"Graying America",22,,
2024-09-30 00:00:00,"ACP Community Type","Civic Intent score",57.88462460916716,"Military Posts",12,,
2024-09-30 00:00:00,"ACP Community Type","Civic Intent score",58.33292630437007,"Working Class Country",7,,
2024-09-30 00:00:00,"ACP Community Type","Civic Intent score",59.55678971439259,"African American South",9,,
2024-09-30 00:00:00,"ACP Community Type","Civic Intent score",61.12682933436028,"Big Cities",124,,
2024-09-30 00:00:00,"ACP Community Type","Civic Intent score",61.796970466595134,"Rural Middle America",23,,
2024-09-30 00:00:00,"ACP Community Type","Civic Intent score",63.26197134498158,"Evangelical Hubs",11,,
2024-09-30 00:00:00,"ACP Community Type","Civic Intent score",63.77727399286209,"LDS Enclaves",6,,
2024-09-30 00:00:00,"ACP Community Type","Civic Intent score",68.4440967163446,"Not available",5,,
2024-09-30 00:00:00,"Age","Civic Intent score",54.386020865221056,"50 to 64",101,,
2024-09-30 00:00:00,"Age","Civic Intent score",54.631318093998345,"35 to 49",100,,
2024-09-30 00:00:00,"Age","Civic Intent score",56.11274439222629,"65 to 85",87,,
2024-09-30 00:00:00,"Age","Civic Intent score",59.07788709425219,"18 to 24",48,,
2024-09-30 00:00:00,"Age","Civic Intent score",60.011133279284685,"30 to 34",50,,
2024-09-30 00:00:00,"Age","Civic Intent score",61.647088892385476,"25 to 29",19,,
2024-09-30 00:00:00,"All","Civic Intent score",56.51335337093373,"All",405,,
2024-09-30 00:00:00,"Children in Home","Civic Intent score",52.82613517248932,"No children in home",260,,
2024-09-30 00:00:00,"Children in Home","Civic Intent score",62.82054487420412,"Children in home",145,,
2024-09-30 00:00:00,"Demographics","Civic Intent score",50.61752615802207,"Prefer not to answer",30,,
2024-09-30 00:00:00,"Demographics","Civic Intent score",52.61747852876438,"$25,000 to $49,999",68,,
2024-09-30 00:00:00,"Demographics","Civic Intent score",55.33529201860101,"$75,000 to $99,999",49,,
2024-09-30 00:00:00,"Demographics","Civic Intent score",56.19855657844847,"Under $25,000",44,,
2024-09-30 00:00:00,"Demographics","Civic Intent score",56.64621345052678,"$50,000 to $74,999",77,,
2024-09-30 00:00:00,"Demographics","Civic Intent score",59.33588037853257,"Over $150,000",73,,
2024-09-30 00:00:00,"Demographics","Civic Intent score",61.053622969292555,"$100,000 to $150,000",64,,
2024-09-30 00:00:00,"Ethnicity","Civic Intent score",48.75296491626683,"Other",5,,
2024-09-30 00:00:00,"Ethnicity","Civic Intent score",50.733133424449704,"Asian",19,,
2024-09-30 00:00:00,"Ethnicity","Civic Intent score",54.02527544178414,"Indigenous/ Native/First Nation",6,,
2024-09-30 00:00:00,"Ethnicity","Civic Intent score",56.74035279646563,"Hispanic/Latino",38,,
2024-09-30 00:00:00,"Ethnicity","Civic Intent score",56.77621478341823,"Caucasian/White",318,,
2024-09-30 00:00:00,"Ethnicity","Civic Intent score",58.29425265414178,"African American",35,,
2024-09-30 00:00:00,"Ethnicity","Civic Intent score",66.66515363128491,"Eastern or Central European",4,,
2024-09-30 00:00:00,"Gender","Civic Intent score",56.07304982337038,"Female",205,,
2024-09-30 00:00:00,"Gender","Civic Intent score",57.062897314649476,"Male",197,,
2024-09-30 00:00:00,"Giver Type","Civic Intent score",39.12582558220972,"Non-giver",174,,
2024-09-30 00:00:00,"Giver Type","Civic Intent score",71.12890848702689,"Gave something else",124,,
2024-09-30 00:00:00,"Giver Type","Civic Intent score",72.27334067352886,"Gave to registered nonprofit",153,,
2024-09-30 00:00:00,"Giver Type","Civic Intent score",72.80950648798398,"Gave items",135,,
2024-09-30 00:00:00,"Giver Type","Civic Intent score",73.02133719025737,"Gave to individual",123,,
2024-09-30 00:00:00,"Giver Type","Civic Intent score",73.39910984490814,"Gave to informal group",121,,
2024-09-30 00:00:00,"Giver Type","Civic Intent score",73.61019738887397,"Gave money",124,,
2024-09-30 00:00:00,"Giver Type","Civic Intent score",75.69507258615795,"Volunteered",102,,
2024-09-30 00:00:00,"Giver Type","Civic Intent score",77.76212281597886,"Advocated",65,,
2024-09-30 00:00:00,"State","Civic Intent score",11.946927374301673,"MT Montana",4,,
2024-09-30 00:00:00,"State","Civic Intent score",42.13642008541545,"WV West Virginia",5,,
2024-09-30 00:00:00,"State","Civic Intent score",43.661485040389636,"CT Connecticut",5,,
2024-09-30 00:00:00,"State","Civic Intent score",44.51556062442936,"DE Delaware",5,,
2024-09-30 00:00:00,"State","Civic Intent score",44.667946927374295,"AK Alaska",4,,
2024-09-30 00:00:00,"State","Civic Intent score",46.58484636871506,"HI Hawaii",4,,
2024-09-30 00:00:00,"State","Civic Intent score",47.33030563841841,"OR Oregon",10,,
2024-09-30 00:00:00,"State","Civic Intent score",47.64722102534006,"MN Minnesota",8,,
2024-09-30 00:00:00,"State","Civic Intent score",48.60162855169445,"MD Maryland",10,,
2024-09-30 00:00:00,"State","Civic Intent score",50.11986540028853,"MA Massachusetts",9,,
2024-09-30 00:00:00,"State","Civic Intent score",50.75547830201018,"WI Wisconsin",9,,
2024-09-30 00:00:00,"State","Civic Intent score",50.981560298399266,"NE Nebraska",7,,
2024-09-30 00:00:00,"State","Civic Intent score",52.04232233991616,"WA Washington",7,,
2024-09-30 00:00:00,"State","Civic Intent score",52.93145257175971,"CO Colorado",12,,
2024-09-30 00:00:00,"State","Civic Intent score",53.44535086992312,"IA Iowa",7,,
2024-09-30 00:00:00,"State","Civic Intent score",53.50733240223463,"NM New Mexico",4,,
2024-09-30 00:00:00,"State","Civic Intent score",54.51065832018832,"GA Georgia",11,,
2024-09-30 00:00:00,"State","Civic Intent score",54.9503084007238,"NJ New Jersey",15,,
2024-09-30 00:00:00,"State","Civic Intent score",55.24683410902837,"VA Virginia",11,,
2024-09-30 00:00:00,"State","Civic Intent score",56.34474759728978,"MS Mississippi",5,,
2024-09-30 00:00:00,"State","Civic Intent score",56.854380040046024,"ME Maine",5,,
2024-09-30 00:00:00,"State","Civic Intent score",57.251709600682005,"TX Texas",34,,
2024-09-30 00:00:00,"State","Civic Intent score",57.27296506183169,"MO Missouri",10,,
2024-09-30 00:00:00,"State","Civic Intent score",57.334483421259264,"CA California",40,,
2024-09-30 00:00:00,"State","Civic Intent score",57.50308379437936,"PA Pennsylvania",20,,
2024-09-30 00:00:00,"State","Civic Intent score",57.75114749007323,"FL Florida",42,,
2024-09-30 00:00:00,"State","Civic Intent score",58.28565446854535,"NC North Carolina",10,,
2024-09-30 00:00:00,"State","Civic Intent score",58.41618769476128,"UT Utah",5,,
2024-09-30 00:00:00,"State","Civic Intent score",58.68013219317179,"IL Illinois",16,,
2024-09-30 00:00:00,"State","Civic Intent score",59.21190106977579,"MI Michigan",12,,
2024-09-30 00:00:00,"State","Civic Intent score",59.23331171118895,"LA Louisiana",8,,
2024-09-30 00:00:00,"State","Civic Intent score",59.763404124302305,"IN Indiana",9,,
2024-09-30 00:00:00,"State","Civic Intent score",61.260584984915035,"SC South Carolina",9,,
2024-09-30 00:00:00,"State","Civic Intent score",61.68018098215929,"AZ Arizona",11,,
2024-09-30 00:00:00,"State","Civic Intent score",62.58649625588811,"NY New York",17,,
2024-09-30 00:00:00,"State","Civic Intent score",62.77795568044371,"TN Tennessee",10,,
2024-09-30 00:00:00,"State","Civic Intent score",64.49406962689397,"KY Kentucky",8,,
2024-09-30 00:00:00,"State","Civic Intent score",66.4506711588702,"DC District of Columbia",5,,
2024-10-07 00:00:00,"ACP Community Type","Civic Intent score",22.45500679669259,"Native American Lands",3,,
2024-10-07 00:00:00,"ACP Community Type","Civic Intent score",52.539690222446055,"Urban Burbs",80,,
2024-10-07 00:00:00,"ACP Community Type","Civic Intent score",52.921157861518296,"Exurbs",53,,
2024-10-07 00:00:00,"ACP Community Type","Civic Intent score",54.59853313656037,"College Towns",33,,
2024-10-07 00:00:00,"ACP Community Type","Civic Intent score",55.71953324985949,"Hispanic Centers",8,,
2024-10-07 00:00:00,"ACP Community Type","Civic Intent score",59.035630592504354,"Working Class Country",9,,
2024-10-07 00:00:00,"ACP Community Type","Civic Intent score",59.22454894519274,"Rural Middle America",23,,
2024-10-07 00:00:00,"ACP Community Type","Civic Intent score",59.22590810537345,"Graying America",22,,
2024-10-07 00:00:00,"ACP Community Type","Civic Intent score",60.078001496451854,"Big Cities",121,,
2024-10-07 00:00:00,"ACP Community Type","Civic Intent score",60.28933581349803,"Middle Suburbs",18,,
2024-10-07 00:00:00,"ACP Community Type","Civic Intent score",60.51113582248986,"Not available",5,,
2024-10-07 00:00:00,"ACP Community Type","Civic Intent score",64.31259652809682,"Military Posts",11,,
2024-10-07 00:00:00,"ACP Community Type","Civic Intent score",64.46590836515234,"LDS Enclaves",5,,
2024-10-07 00:00:00,"ACP Community Type","Civic Intent score",67.62979534471705,"African American South",7,,
2024-10-07 00:00:00,"ACP Community Type","Civic Intent score",68.3397703314644,"Evangelical Hubs",12,,
2024-10-07 00:00:00,"Age","Civic Intent score",56.25608975696633,"50 to 64",100,,
2024-10-07 00:00:00,"Age","Civic Intent score",57.01063417945333,"35 to 49",101,,
2024-10-07 00:00:00,"Age","Civic Intent score",57.03239208323859,"30 to 34",48,,
2024-10-07 00:00:00,"Age","Civic Intent score",57.07614777476909,"65 to 85",87,,
2024-10-07 00:00:00,"Age","Civic Intent score",59.2008360560099,"25 to 29",23,,
2024-10-07 00:00:00,"Age","Civic Intent score",60.7579499327156,"18 to 24",46,,
2024-10-07 00:00:00,"All","Civic Intent score",57.4195468077743,"All",405,,
2024-10-07 00:00:00,"Children in Home","Civic Intent score",54.14524009339619,"No children in home",257,,
2024-10-07 00:00:00,"Children in Home","Civic Intent score",62.82366271809896,"Children in home",148,,
2024-10-07 00:00:00,"Demographics","Civic Intent score",50.713977355014116,"Prefer not to answer",28,,
2024-10-07 00:00:00,"Demographics","Civic Intent score",55.211069921944905,"Under $25,000",49,,
2024-10-07 00:00:00,"Demographics","Civic Intent score",55.27405178280727,"$25,000 to $49,999",74,,
2024-10-07 00:00:00,"Demographics","Civic Intent score",55.516976201726486,"$50,000 to $74,999",78,,
2024-10-07 00:00:00,"Demographics","Civic Intent score",58.44222081739332,"$75,000 to $99,999",51,,
2024-10-07 00:00:00,"Demographics","Civic Intent score",60.39324442645188,"Over $150,000",69,,
2024-10-07 00:00:00,"Demographics","Civic Intent score",63.82157867165567,"$100,000 to $150,000",56,,
2024-10-07 00:00:00,"Ethnicity","Civic Intent score",44.85942092418918,"Prefer not to answer",7,,
2024-10-07 00:00:00,"Ethnicity","Civic Intent score",52.48602253098928,"Asian",26,,
2024-10-07 00:00:00,"Ethnicity","Civic Intent score",52.53563164424272,"Other",8,,
2024-10-07 00:00:00,"Ethnicity","Civic Intent score",57.80380494417661,"Caucasian/White",320,,
2024-10-07 00:00:00,"Ethnicity","Civic Intent score",58.701393728666275,"African American",31,,
2024-10-07 00:00:00,"Ethnicity","Civic Intent score",60.166551428546114,"Hispanic/Latino",32,,
2024-10-07 00:00:00,"Ethnicity","Civic Intent score",65.10534992967985,"Indigenous/ Native/First Nation",6,,
2024-10-07 00:00:00,"Gender","Civic Intent score",57.36258022552136,"Male",200,,
2024-10-07 00:00:00,"Gender","Civic Intent score",57.67594453344665,"Female",204,,
2024-10-07 00:00:00,"Giver Type","Civic Intent score",37.630247277011996,"Non-giver",160,,
2024-10-07 00:00:00,"Giver Type","Civic Intent score",72.64282912067137,"Gave something else",132,,
2024-10-07 00:00:00,"Giver Type","Civic Intent score",72.7585050014935,"Gave to registered nonprofit",175,,
2024-10-07 00:00:00,"Giver Type","Civic Intent score",73.53888903156222,"Gave items",152,,
2024-10-07 00:00:00,"Giver Type","Civic Intent score",74.10218391713977,"Gave to informal group",135,,
2024-10-07 00:00:00,"Giver Type","Civic Intent score",74.35994012439862,"Gave to individual",130,,
2024-10-07 00:00:00,"Giver Type","Civic Intent score",74.76697651041545,"Gave money",133,,
2024-10-07 00:00:00,"Giver Type","Civic Intent score",76.46762869357558,"Volunteered",110,,
2024-10-07 00:00:00,"Giver Type","Civic Intent score",78.0300469771603,"Advocated",74,,
2024-10-07 00:00:00,"State","Civic Intent score",26.167946927374295,"MT Montana",4,,
2024-10-07 00:00:00,"State","Civic Intent score",39.08047945379745,"CT Connecticut",5,,
2024-10-07 00:00:00,"State","Civic Intent score",43.35783791248788,"OR Oregon",8,,
2024-10-07 00:00:00,"State","Civic Intent score",43.504597953239816,"KS Kansas",6,,
2024-10-07 00:00:00,"State","Civic Intent score",45.15866580618601,"NE Nebraska",8,,
2024-10-07 00:00:00,"State","Civic Intent score",46.071647626901466,"OK Oklahoma",5,,
2024-10-07 00:00:00,"State","Civic Intent score",48.175279329608934,"DE Delaware",4,,
2024-10-07 00:00:00,"State","Civic Intent score",48.194932856827755,"MD Maryland",9,,
2024-10-07 00:00:00,"State","Civic Intent score",50.66604537723403,"MN Minnesota",8,,
2024-10-07 00:00:00,"State","Civic Intent score",53.87391348281516,"IL Illinois",14,,
2024-10-07 00:00:00,"State","Civic Intent score",54.3125722600422,"MI Michigan",14,,
2024-10-07 00:00:00,"State","Civic Intent score",54.39487488572858,"CO Colorado",14,,
2024-10-07 00:00:00,"State","Civic Intent score",56.080113487570216,"MA Massachusetts",9,,
2024-10-07 00:00:00,"State","Civic Intent score",56.105275583939665,"PA Pennsylvania",22,,
2024-10-07 00:00:00,"State","Civic Intent score",56.42069231899504,"SC South Carolina",8,,
2024-10-07 00:00:00,"State","Civic Intent score",56.728611849275126,"NC North Carolina",11,,
2024-10-07 00:00:00,"State","Civic Intent score",57.0723709552261,"CA California",44,,
2024-10-07 00:00:00,"State","Civic Intent score",57.953114929311916,"AZ Arizona",11,,
2024-10-07 00:00:00,"State","Civic Intent score",58.00336852875699,"OH Ohio",19,,
2024-10-07 00:00:00,"State","Civic Intent score",58.29501445930816,"NJ New Jersey",10,,
2024-10-07 00:00:00,"State","Civic Intent score",59.60563489364118,"WI Wisconsin",7,,
2024-10-07 00:00:00,"State","Civic Intent score",59.899161475925474,"GA Georgia",13,,
2024-10-07 00:00:00,"State","Civic Intent score",59.90424785237805,"TX Texas",34,,
2024-10-07 00:00:00,"State","Civic Intent score",60.01988725886832,"NV Nevada",7,,
2024-10-07 00:00:00,"State","Civic Intent score",60.74425049233962,"IN Indiana",10,,
2024-10-07 00:00:00,"State","Civic Intent score",61.36615234454694,"FL Florida",41,,
2024-10-07 00:00:00,"State","Civic Intent score",62.12985307729916,"MO Missouri",11,,
2024-10-07 00:00:00,"State","Civic Intent score",62.248965270143394,"VA Virginia",9,,
2024-10-07 00:00:00,"State","Civic Intent score",62.91880159165439,"NY New York",19,,
2024-10-07 00:00:00,"State","Civic Intent score",64.46590836515234,"UT Utah",5,,
2024-10-07 00:00:00,"State","Civic Intent score",65.83038871236991,"KY Kentucky",7,,
2024-10-14 00:00:00,"ACP Community Type","Civic Intent score",52.90855485462953,"Exurbs",48,,
2024-10-14 00:00:00,"ACP Community Type","Civic Intent score",55.1656885952517,"Urban Burbs",79,,
2024-10-14 00:00:00,"ACP Community Type","Civic Intent score",56.19789409100859,"Graying America",21,,
2024-10-14 00:00:00,"ACP Community Type","Civic Intent score",56.57775688499838,"College Towns",31,,
2024-10-14 00:00:00,"ACP Community Type","Civic Intent score",57.61441065130043,"Hispanic Centers",9,,
2024-10-14 00:00:00,"ACP Community Type","Civic Intent score",57.929082160701114,"Middle Suburbs",22,,
2024-10-14 00:00:00,"ACP Community Type","Civic Intent score",58.30619266450512,"Rural Middle America",22,,
2024-10-14 00:00:00,"ACP Community Type","Civic Intent score",59.19430798862702,"Big Cities",124,,
2024-10-14 00:00:00,"ACP Community Type","Civic Intent score",59.69721907257072,"Military Posts",10,,
2024-10-14 00:00:00,"ACP Community Type","Civic Intent score",65.42790304292649,"Working Class Country",8,,
2024-10-14 00:00:00,"ACP Community Type","Civic Intent score",69.93814939364185,"Evangelical Hubs",15,,
2024-10-14 00:00:00,"ACP Community Type","Civic Intent score",70.1533677666324,"African American South",8,,
2024-10-14 00:00:00,"Age","Civic Intent score",55.45969073729492,"30 to 34",46,,
2024-10-14 00:00:00,"Age","Civic Intent score",56.492786480606874,"65 to 85",87,,
2024-10-14 00:00:00,"Age","Civic Intent score",56.70202531186831,"50 to 64",100,,
2024-10-14 00:00:00,"Age","Civic Intent score",57.81570970396907,"35 to 49",101,,
2024-10-14 00:00:00,"Age","Civic Intent score",60.34262088264278,"25 to 29",25,,
2024-10-14 00:00:00,"Age","Civic Intent score",63.678835771848654,"18 to 24",45,,
2024-10-14 00:00:00,"All","Civic Intent score",57.82879933612626,"All",404,,
2024-10-14 00:00:00,"Children in Home","Civic Intent score",54.70103031587267,"No children in home",260,,
2024-10-14 00:00:00,"Children in Home","Civic Intent score",63.18150073263941,"Children in home",144,,
2024-10-14 00:00:00,"Demographics","Civic Intent score",51.23907714373672,"Prefer not to answer",29,,
2024-10-14 00:00:00,"Demographics","Civic Intent score",53.76073760399206,"$50,000 to $74,999",80,,
2024-10-14 00:00:00,"Demographics","Civic Intent score",55.46247513873845,"Under $25,000",54,,
2024-10-14 00:00:00,"Demographics","Civic Intent score",58.681267672937224,"$25,000 to $49,999",77,,
2024-10-14 00:00:00,"Demographics","Civic Intent score",59.3202081604852,"$75,000 to $99,999",57,,
2024-10-14 00:00:00,"Demographics","Civic Intent score",61.8982476751805,"$100,000 to $150,000",46,,
2024-10-14 00:00:00,"Demographics","Civic Intent score",63.27772976750247,"Over $150,000",61,,
2024-10-14 00:00:00,"Ethnicity","Civic Intent score",46.73556987747178,"Prefer not to answer",8,,
2024-10-14 00:00:00,"Ethnicity","Civic Intent score",52.91025782770483,"Asian",26,,
2024-10-14 00:00:00,"Ethnicity","Civic Intent score",54.643951248600764,"Other",7,,
2024-10-14 00:00:00,"Ethnicity","Civic Intent score",57.42035851348049,"Caucasian/White",316,,
2024-10-14 00:00:00,"Ethnicity","Civic Intent score",62.293906808603786,"African American",38,,
2024-10-14 00:00:00,"Ethnicity","Civic Intent score",64.99754586334564,"Hispanic/Latino",32,,
2024-10-14 00:00:00,"Gender","Civic Intent score",57.57352789900398,"Male",200,,
2024-10-14 00:00:00,"Gender","Civic Intent score",58.280584085896336,"Female",203,,
2024-10-14 00:00:00,"Giver Type","Civic Intent score",37.72877299862295,"Non-giver",157,,
2024-10-14 00:00:00,"Giver Type","Civic Intent score",73.03531835191446,"Gave something else",134,,
2024-10-14 00:00:00,"Giver Type","Civic Intent score",73.2276763668994,"Gave to registered nonprofit",176,,
2024-10-14 00:00:00,"Giver Type","Civic Intent score",73.42328772206247,"Gave items",152,,
2024-10-14 00:00:00,"Giver Type","Civic Intent score",73.68591930996025,"Gave to informal group",140,,
2024-10-14 00:00:00,"Giver Type","Civic Intent score",74.0443963155657,"Gave to individual",131,,
2024-10-14 00:00:00,"Giver Type","Civic Intent score",74.28909782136785,"Gave money",148,,
2024-10-14 00:00:00,"Giver Type","Civic Intent score",76.93121686678725,"Volunteered",107,,
2024-10-14 00:00:00,"Giver Type","Civic Intent score",77.9913006680433,"Advocated",79,,
2024-10-14 00:00:00,"State","Civic Intent score",41.16363627164818,"OR Oregon",8,,
2024-10-14 00:00:00,"State","Civic Intent score",43.281599815437204,"KS Kansas",6,,
2024-10-14 00:00:00,"State","Civic Intent score",45.36262700986011,"MD Maryland",6,,
2024-10-14 00:00:00,"State","Civic Intent score",46.872206703910614,"ND North Dakota",4,,
2024-10-14 00:00:00,"State","Civic Intent score",46.90266126878033,"RI Rhode Island",5,,
2024-10-14 00:00:00,"State","Civic Intent score",50.434446779203924,"MN Minnesota",10,,
2024-10-14 00:00:00,"State","Civic Intent score",50.62051954591972,"CT Connecticut",8,,
2024-10-14 00:00:00,"State","Civic Intent score",52.305834291722284,"IL Illinois",15,,
2024-10-14 00:00:00,"State","Civic Intent score",53.21507974557513,"PA Pennsylvania",17,,
2024-10-14 00:00:00,"State","Civic Intent score",53.30163365119963,"MI Michigan",14,,
2024-10-14 00:00:00,"State","Civic Intent score",54.87721450985868,"AZ Arizona",12,,
2024-10-14 00:00:00,"State","Civic Intent score",55.06915495245458,"WA Washington",8,,
2024-10-14 00:00:00,"State","Civic Intent score",55.54226127547859,"CA California",46,,
2024-10-14 00:00:00,"State","Civic Intent score",56.25973710562235,"VA Virginia",12,,
2024-10-14 00:00:00,"State","Civic Intent score",56.563905892866586,"NC North Carolina",11,,
2024-10-14 00:00:00,"State","Civic Intent score",56.78426648458207,"MA Massachusetts",8,,
2024-10-14 00:00:00,"State","Civic Intent score",56.96931047194033,"WI Wisconsin",6,,
2024-10-14 00:00:00,"State","Civic Intent score",58.06630835357188,"WV West Virginia",5,,
2024-10-14 00:00:00,"State","Civic Intent score",58.85558994958661,"GA Georgia",13,,
2024-10-14 00:00:00,"State","Civic Intent score",59.22415476971875,"OH Ohio",16,,
2024-10-14 00:00:00,"State","Civic Intent score",59.25332700348126,"NV Nevada",7,,
2024-10-14 00:00:00,"State","Civic Intent score",60.01986289335732,"IN Indiana",10,,
2024-10-14 00:00:00,"State","Civic Intent score",61.06389664804469,"NM New Mexico",4,,
2024-10-14 00:00:00,"State","Civic Intent score",61.21636069763905,"NY New York",21,,
2024-10-14 00:00:00,"State","Civic Intent score",61.54527726235494,"TX Texas",31,,
2024-10-14 00:00:00,"State","Civic Intent score",62.435064681887155,"NJ New Jersey",12,,
2024-10-14 00:00:00,"State","Civic Intent score",63.14122019471151,"CO Colorado",11,,
2024-10-14 00:00:00,"State","Civic Intent score",64.28487454456867,"AL Alabama",6,,
2024-10-14 00:00:00,"State","Civic Intent score",64.52277795819973,"FL Florida",41,,
2024-10-14 00:00:00,"State","Civic Intent score",65.38842535384887,"KY Kentucky",8,,
2024-10-14 00:00:00,"State","Civic Intent score",65.67943213305227,"TN Tennessee",12,,
2024-10-14 00:00:00,"State","Civic Intent score",66.565800170288,"MO Missouri",11,,
2024-10-14 00:00:00,"State","Civic Intent score",69.38204239329782,"DC District of Columbia",6,,
2024-10-21 00:00:00,"ACP Community Type","Civic Intent score",48.53257432815609,"Rural Middle America",21,,
2024-10-21 00:00:00,"ACP Community Type","Civic Intent score",54.132056762792175,"Urban Burbs",86,,
2024-10-21 00:00:00,"ACP Community Type","Civic Intent score",54.32149054953623,"Exurbs",44,,
2024-10-21 00:00:00,"ACP Community Type","Civic Intent score",55.1762910439659,"Graying America",21,,
2024-10-21 00:00:00,"ACP Community Type","Civic Intent score",57.052817800674504,"College Towns",31,,
2024-10-21 00:00:00,"ACP Community Type","Civic Intent score",58.199706603667394,"Middle Suburbs",21,,
2024-10-21 00:00:00,"ACP Community Type","Civic Intent score",58.412415810138654,"Hispanic Centers",9,,
2024-10-21 00:00:00,"ACP Community Type","Civic Intent score",58.636911735387535,"African American South",12,,
2024-10-21 00:00:00,"ACP Community Type","Civic Intent score",58.808290740947626,"Big Cities",122,,
2024-10-21 00:00:00,"ACP Community Type","Civic Intent score",61.26792554542697,"Military Posts",9,,
2024-10-21 00:00:00,"ACP Community Type","Civic Intent score",64.87320211497521,"LDS Enclaves",5,,
2024-10-21 00:00:00,"ACP Community Type","Civic Intent score",65.0065899101921,"Working Class Country",7,,
2024-10-21 00:00:00,"ACP Community Type","Civic Intent score",70.20654766141297,"Evangelical Hubs",13,,
2024-10-21 00:00:00,"Age","Civic Intent score",54.826827287636554,"30 to 34",44,,
2024-10-21 00:00:00,"Age","Civic Intent score",54.87876466938994,"25 to 29",26,,
2024-10-21 00:00:00,"Age","Civic Intent score",55.812260818555835,"50 to 64",100,,
2024-10-21 00:00:00,"Age","Civic Intent score",57.44849039609683,"35 to 49",103,,
2024-10-21 00:00:00,"Age","Civic Intent score",58.06894963973695,"65 to 85",86,,
2024-10-21 00:00:00,"Age","Civic Intent score",59.81885213740545,"18 to 24",45,,
2024-10-21 00:00:00,"All","Civic Intent score",56.910922355096844,"All",404,,
2024-10-21 00:00:00,"Children in Home","Civic Intent score",53.896826812875474,"No children in home",265,,
2024-10-21 00:00:00,"Children in Home","Civic Intent score",62.469966066393134,"Children in home",139,,
2024-10-21 00:00:00,"Demographics","Civic Intent score",48.32118604078979,"Prefer not to answer",26,,
2024-10-21 00:00:00,"Demographics","Civic Intent score",49.68173672039877,"Under $25,000",56,,
2024-10-21 00:00:00,"Demographics","Civic Intent score",54.42690978926189,"$50,000 to $74,999",76,,
2024-10-21 00:00:00,"Demographics","Civic Intent score",57.190266098785074,"$75,000 to $99,999",57,,
2024-10-21 00:00:00,"Demographics","Civic Intent score",57.99696758399633,"$25,000 to $49,999",76,,
2024-10-21 00:00:00,"Demographics","Civic Intent score",62.698488225910545,"$100,000 to $150,000",58,,
2024-10-21 00:00:00,"Demographics","Civic Intent score",64.67681510387415,"Over $150,000",55,,
2024-10-21 00:00:00,"Ethnicity","Civic Intent score",47.124052030306395,"Prefer not to answer",7,,
2024-10-21 00:00:00,"Ethnicity","Civic Intent score",52.53837822441658,"Asian",27,,
2024-10-21 00:00:00,"Ethnicity","Civic Intent score",56.67372180960238,"Caucasian/White",310,,
2024-10-21 00:00:00,"Ethnicity","Civic Intent score",57.18008038538912,"African American",46,,
2024-10-21 00:00:00,"Ethnicity","Civic Intent score",61.387766092974275,"Other",7,,
2024-10-21 00:00:00,"Ethnicity","Civic Intent score",63.42241800930867,"Eastern or Central European",5,,
2024-10-21 00:00:00,"Ethnicity","Civic Intent score",64.53824125096891,"Hispanic/Latino",24,,
2024-10-21 00:00:00,"Gender","Civic Intent score",56.92564995656794,"Female",203,,
2024-10-21 00:00:00,"Gender","Civic Intent score",56.943492807272634,"Male",201,,
2024-10-21 00:00:00,"Giver Type","Civic Intent score",36.97046671472747,"Non-giver",162,,
2024-10-21 00:00:00,"Giver Type","Civic Intent score",72.72129769076263,"Gave something else",126,,
2024-10-21 00:00:00,"Giver Type","Civic Intent score",73.37378035605731,"Gave to registered nonprofit",172,,
2024-10-21 00:00:00,"Giver Type","Civic Intent score",73.39233596914957,"Gave to informal group",136,,
2024-10-21 00:00:00,"Giver Type","Civic Intent score",73.85041180268799,"Gave money",149,,
2024-10-21 00:00:00,"Giver Type","Civic Intent score",73.86755034461352,"Gave items",142,,
2024-10-21 00:00:00,"Giver Type","Civic Intent score",74.06680077893026,"Gave to individual",122,,
2024-10-21 00:00:00,"Giver Type","Civic Intent score",77.1960089137707,"Advocated",83,,
2024-10-21 00:00:00,"Giver Type","Civic Intent score",77.42492949105518,"Volunteered",96,,
2024-10-21 00:00:00,"State","Civic Intent score",14.335893854748601,"WY Wyoming",4,,
2024-10-21 00:00:00,"State","Civic Intent score",44.429920855577905,"MD Maryland",9,,
2024-10-21 00:00:00,"State","Civic Intent score",47.228670901846506,"IA Iowa",7,,
2024-10-21 00:00:00,"State","Civic Intent score",48.16186044823894,"MN Minnesota",10,,
2024-10-21 00:00:00,"State","Civic Intent score",48.230446927374295,"AR Arkansas",4,,
2024-10-21 00:00:00,"State","Civic Intent score",50.38270194946764,"IL Illinois",18,,
2024-10-21 00:00:00,"State","Civic Intent score",51.61050242781544,"OR Oregon",9,,
2024-10-21 00:00:00,"State","Civic Intent score",52.20004525852225,"MI Michigan",15,,
2024-10-21 00:00:00,"State","Civic Intent score",52.29074969101838,"WI Wisconsin",8,,
2024-10-21 00:00:00,"State","Civic Intent score",52.428969934569366,"PA Pennsylvania",20,,
2024-10-21 00:00:00,"State","Civic Intent score",52.70724431388283,"GA Georgia",15,,
2024-10-21 00:00:00,"State","Civic Intent score",52.967366009175024,"NC North Carolina",10,,
2024-10-21 00:00:00,"State","Civic Intent score",53.21158927058261,"AZ Arizona",12,,
2024-10-21 00:00:00,"State","Civic Intent score",54.03199152755864,"NY New York",18,,
2024-10-21 00:00:00,"State","Civic Intent score",54.35482845576417,"OH Ohio",16,,
2024-10-21 00:00:00,"State","Civic Intent score",55.286669699951965,"CA California",45,,
2024-10-21 00:00:00,"State","Civic Intent score",55.40308570820195,"LA Louisiana",9,,
2024-10-21 00:00:00,"State","Civic Intent score",55.66681592874961,"WA Washington",6,,
2024-10-21 00:00:00,"State","Civic Intent score",55.874531909974124,"SC South Carolina",5,,
2024-10-21 00:00:00,"State","Civic Intent score",56.4485600773183,"VA Virginia",15,,
2024-10-21 00:00:00,"State","Civic Intent score",56.529685274831515,"MA Massachusetts",10,,
2024-10-21 00:00:00,"State","Civic Intent score",57.70173083751325,"MS Mississippi",5,,
2024-10-21 00:00:00,"State","Civic Intent score",57.71722157647346,"IN Indiana",9,,
2024-10-21 00:00:00,"State","Civic Intent score",57.95753216360517,"NV Nevada",6,,
2024-10-21 00:00:00,"State","Civic Intent score",60.48434636156218,"CT Connecticut",8,,
2024-10-21 00:00:00,"State","Civic Intent score",60.65259528795283,"CO Colorado",9,,
2024-10-21 00:00:00,"State","Civic Intent score",61.1812665140941,"AL Alabama",7,,
2024-10-21 00:00:00,"State","Civic Intent score",61.92355460321206,"NJ New Jersey",12,,
2024-10-21 00:00:00,"State","Civic Intent score",63.33903631284915,"NM New Mexico",4,,
2024-10-21 00:00:00,"State","Civic Intent score",63.81868370430548,"TX Texas",25,,
2024-10-21 00:00:00,"State","Civic Intent score",64.87320211497521,"UT Utah",5,,
2024-10-21 00:00:00,"State","Civic Intent score",66.75392327153969,"FL Florida",39,,
2024-10-21 00:00:00,"State","Civic Intent score",68.87131318468491,"TN Tennessee",9,,
2024-10-21 00:00:00,"State","Civic Intent score",69.27420307321933,"MO Missouri",10,,
2024-10-21 00:00:00,"State","Civic Intent score",79.49713862050756,"ID Idaho",5,,
2024-10-28 00:00:00,"ACP Community Type","Civic Intent score",47.03328852805931,"Rural Middle America",20,,
2024-10-28 00:00:00,"ACP Community Type","Civic Intent score",49.64359725584514,"Hispanic Centers",10,,
2024-10-28 00:00:00,"ACP Community Type","Civic Intent score",53.86475076284541,"Graying America",23,,
2024-10-28 00:00:00,"ACP Community Type","Civic Intent score",54.55744792427039,"Military Posts",7,,
2024-10-28 00:00:00,"ACP Community Type","Civic Intent score",56.596460241356176,"Urban Burbs",91,,
2024-10-28 00:00:00,"ACP Community Type","Civic Intent score",57.70171507285724,"Big Cities",117,,
2024-10-28 00:00:00,"ACP Community Type","Civic Intent score",58.14867064407185,"Exurbs",38,,
2024-10-28 00:00:00,"ACP Community Type","Civic Intent score",58.35711082205148,"Middle Suburbs",27,,
2024-10-28 00:00:00,"ACP Community Type","Civic Intent score",59.09084486863309,"College Towns",31,,
2024-10-28 00:00:00,"ACP Community Type","Civic Intent score",59.50970486684043,"African American South",15,,
2024-10-28 00:00:00,"ACP Community Type","Civic Intent score",67.97977117308102,"Working Class Country",10,,
2024-10-28 00:00:00,"Age","Civic Intent score",52.54770187916493,"30 to 34",46,,
2024-10-28 00:00:00,"Age","Civic Intent score",54.8750092867403,"25 to 29",22,,
2024-10-28 00:00:00,"Age","Civic Intent score",57.43311207654093,"50 to 64",101,,
2024-10-28 00:00:00,"Age","Civic Intent score",58.17096687562778,"65 to 85",84,,
2024-10-28 00:00:00,"Age","Civic Intent score",58.213783753785975,"18 to 24",48,,
2024-10-28 00:00:00,"Age","Civic Intent score",59.01237588651183,"35 to 49",105,,
2024-10-28 00:00:00,"All","Civic Intent score",57.312539419711854,"All",406,,
2024-10-28 00:00:00,"Children in Home","Civic Intent score",55.23271733473916,"No children in home",269,,
2024-10-28 00:00:00,"Children in Home","Civic Intent score",61.32370044679074,"Children in home",137,,
2024-10-28 00:00:00,"Demographics","Civic Intent score",47.154054669392664,"Under $25,000",53,,
2024-10-28 00:00:00,"Demographics","Civic Intent score",51.257643339084616,"Prefer not to answer",25,,
2024-10-28 00:00:00,"Demographics","Civic Intent score",55.70426235434528,"$50,000 to $74,999",73,,
2024-10-28 00:00:00,"Demographics","Civic Intent score",57.54515011248381,"$75,000 to $99,999",61,,
2024-10-28 00:00:00,"Demographics","Civic Intent score",58.49786548827019,"$25,000 to $49,999",70,,
2024-10-28 00:00:00,"Demographics","Civic Intent score",62.03884534925176,"$100,000 to $150,000",64,,
2024-10-28 00:00:00,"Demographics","Civic Intent score",64.38257204858267,"Over $150,000",60,,
2024-10-28 00:00:00,"Ethnicity","Civic Intent score",51.10129821236245,"Asian",27,,
2024-10-28 00:00:00,"Ethnicity","Civic Intent score",53.80579284048216,"Prefer not to answer",10,,
2024-10-28 00:00:00,"Ethnicity","Civic Intent score",57.39639317003537,"Caucasian/White",312,,
2024-10-28 00:00:00,"Ethnicity","Civic Intent score",57.972842009162775,"African American",42,,
2024-10-28 00:00:00,"Ethnicity","Civic Intent score",62.80984644535713,"Hispanic/Latino",21,,
2024-10-28 00:00:00,"Ethnicity","Civic Intent score",67.32858063279757,"Eastern or Central European",6,,
2024-10-28 00:00:00,"Gender","Civic Intent score",57.021790355838064,"Female",203,,
2024-10-28 00:00:00,"Gender","Civic Intent score",57.63634782992161,"Male",203,,
2024-10-28 00:00:00,"Giver Type","Civic Intent score",36.14150429590079,"Non-giver",153,,
2024-10-28 00:00:00,"Giver Type","Civic Intent score",72.27497065616382,"Gave something else",135,,
2024-10-28 00:00:00,"Giver Type","Civic Intent score",72.45320477669307,"Gave to registered nonprofit",179,,
2024-10-28 00:00:00,"Giver Type","Civic Intent score",72.80067598680387,"Gave items",149,,
2024-10-28 00:00:00,"Giver Type","Civic Intent score",73.17844509805451,"Gave to informal group",145,,
2024-10-28 00:00:00,"Giver Type","Civic Intent score",73.25580817672828,"Gave money",155,,
2024-10-28 00:00:00,"Giver Type","Civic Intent score",73.78441092833815,"Gave to individual",125,,
2024-10-28 00:00:00,"Giver Type","Civic Intent score",76.61297562012672,"Advocated",79,,
2024-10-28 00:00:00,"Giver Type","Civic Intent score",76.74134505309739,"Volunteered",91,,
2024-10-28 00:00:00,"State","Civic Intent score",17.68784916201117,"SD South Dakota",4,,
2024-10-28 00:00:00,"State","Civic Intent score",35.550279329608934,"NH New Hampshire",4,,
2024-10-28 00:00:00,"State","Civic Intent score",42.93784916201117,"AR Arkansas",4,,
2024-10-28 00:00:00,"State","Civic Intent score",43.7392897181927,"MI Michigan",14,,
2024-10-28 00:00:00,"State","Civic Intent score",46.93076291783241,"MD Maryland",8,,
2024-10-28 00:00:00,"State","Civic Intent score",48.26431020267314,"WI Wisconsin",9,,
2024-10-28 00:00:00,"State","Civic Intent score",49.797561891970204,"LA Louisiana",9,,
2024-10-28 00:00:00,"State","Civic Intent score",50.812433228493624,"WA Washington",6,,
2024-10-28 00:00:00,"State","Civic Intent score",50.965086460037526,"AZ Arizona",12,,
2024-10-28 00:00:00,"State","Civic Intent score",51.27644355307117,"NY New York",20,,
2024-10-28 00:00:00,"State","Civic Intent score",53.58985490038121,"ME Maine",5,,
2024-10-28 00:00:00,"State","Civic Intent score",53.91084567693971,"CA California",47,,
2024-10-28 00:00:00,"State","Civic Intent score",54.70118336879168,"OK Oklahoma",6,,
2024-10-28 00:00:00,"State","Civic Intent score",55.45436906808396,"IL Illinois",20,,
2024-10-28 00:00:00,"State","Civic Intent score",55.61953429446223,"OH Ohio",15,,
2024-10-28 00:00:00,"State","Civic Intent score",57.31952469825778,"PA Pennsylvania",22,,
2024-10-28 00:00:00,"State","Civic Intent score",58.47963089865115,"OR Oregon",9,,
2024-10-28 00:00:00,"State","Civic Intent score",59.972939096644964,"GA Georgia",17,,
2024-10-28 00:00:00,"State","Civic Intent score",59.985547193014796,"CO Colorado",9,,
2024-10-28 00:00:00,"State","Civic Intent score",60.620111731843565,"NM New Mexico",4,,
2024-10-28 00:00:00,"State","Civic Intent score",60.847271449717475,"AL Alabama",11,,
2024-10-28 00:00:00,"State","Civic Intent score",61.75011148878757,"MA Massachusetts",11,,
2024-10-28 00:00:00,"State","Civic Intent score",62.27960518913642,"IN Indiana",9,,
2024-10-28 00:00:00,"State","Civic Intent score",62.30412360779224,"TX Texas",31,,
2024-10-28 00:00:00,"State","Civic Intent score",63.01760201228211,"VT Vermont",5,,
2024-10-28 00:00:00,"State","Civic Intent score",63.96178227024337,"FL Florida",34,,
2024-10-28 00:00:00,"State","Civic Intent score",65.4850055961165,"NJ New Jersey",11,,
2024-10-28 00:00:00,"State","Civic Intent score",66.4151101835555,"KY Kentucky",8,,
2024-10-28 00:00:00,"State","Civic Intent score",68.14310046177837,"CT Connecticut",7,,
2024-10-28 00:00:00,"State","Civic Intent score",76.5795932360506,"ID Idaho",6,,
2024-10-28 00:00:00,"State","Civic Intent score",81.57946787591644,"MO Missouri",7,,
2024-11-04 00:00:00,"ACP Community Type","Civic Intent score",31.052148952268045,"Native American Lands",4,,
2024-11-04 00:00:00,"ACP Community Type","Civic Intent score",39.40572625698323,"Aging Farmlands",4,,
2024-11-04 00:00:00,"ACP Community Type","Civic Intent score",46.61835673623483,"Rural Middle America",20,,
2024-11-04 00:00:00,"ACP Community Type","Civic Intent score",50.41931319927491,"Graying America",23,,
2024-11-04 00:00:00,"ACP Community Type","Civic Intent score",54.691181035223316,"Hispanic Centers",12,,
2024-11-04 00:00:00,"ACP Community Type","Civic Intent score",55.57768937556632,"Middle Suburbs",25,,
2024-11-04 00:00:00,"ACP Community Type","Civic Intent score",56.1650186602242,"Exurbs",32,,
2024-11-04 00:00:00,"ACP Community Type","Civic Intent score",57.81937322390396,"Military Posts",8,,
2024-11-04 00:00:00,"ACP Community Type","Civic Intent score",58.40591791229948,"Big Cities",116,,
2024-11-04 00:00:00,"ACP Community Type","Civic Intent score",58.701382545952924,"African American South",17,,
2024-11-04 00:00:00,"ACP Community Type","Civic Intent score",58.87424941836157,"Urban Burbs",90,,
2024-11-04 00:00:00,"ACP Community Type","Civic Intent score",59.17425311676641,"College Towns",35,,
2024-11-04 00:00:00,"ACP Community Type","Civic Intent score",59.7437622325647,"Not available",5,,
2024-11-04 00:00:00,"ACP Community Type","Civic Intent score",60.02906803676291,"LDS Enclaves",5,,
2024-11-04 00:00:00,"ACP Community Type","Civic Intent score",64.86454549275633,"Evangelical Hubs",13,,
2024-11-04 00:00:00,"ACP Community Type","Civic Intent score",65.42310941869616,"Working Class Country",10,,
2024-11-04 00:00:00,"Age","Civic Intent score",54.70680458943031,"30 to 34",44,,
2024-11-04 00:00:00,"Age","Civic Intent score",55.93132054871665,"35 to 49",104,,
2024-11-04 00:00:00,"Age","Civic Intent score",56.9400345369355,"65 to 85",82,,
2024-11-04 00:00:00,"Age","Civic Intent score",57.6029511297053,"50 to 64",102,,
2024-11-04 00:00:00,"Age","Civic Intent score",60.2784176790635,"25 to 29",25,,
2024-11-04 00:00:00,"Age","Civic Intent score",61.09439455551787,"18 to 24",48,,
2024-11-04 00:00:00,"All","Civic Intent score",57.362245015831064,"All",405,,
2024-11-04 00:00:00,"Children in Home","Civic Intent score",56.138057314133334,"No children in home",275,,
2024-11-04 00:00:00,"Children in Home","Civic Intent score",59.949849475125355,"Children in home",130,,
2024-11-04 00:00:00,"Demographics","Civic Intent score",48.58685301651199,"Under $25,000",58,,
2024-11-04 00:00:00,"Demographics","Civic Intent score",51.462211132051515,"Prefer not to answer",27,,
2024-11-04 00:00:00,"Demographics","Civic Intent score",56.80676396543934,"$75,000 to $99,999",58,,
2024-11-04 00:00:00,"Demographics","Civic Intent score",57.23294001575601,"$25,000 to $49,999",62,,
2024-11-04 00:00:00,"Demographics","Civic Intent score",57.882920855458856,"$50,000 to $74,999",63,,
2024-11-04 00:00:00,"Demographics","Civic Intent score",60.7757947268398,"$100,000 to $150,000",67,,
2024-11-04 00:00:00,"Demographics","Civic Intent score",63.67087424530064,"Over $150,000",70,,
2024-11-04 00:00:00,"Ethnicity","Civic Intent score",48.8049780589892,"Asian",25,,
2024-11-04 00:00:00,"Ethnicity","Civic Intent score",51.93610010305199,"Prefer not to answer",10,,
2024-11-04 00:00:00,"Ethnicity","Civic Intent score",57.527542033335024,"Caucasian/White",310,,
2024-11-04 00:00:00,"Ethnicity","Civic Intent score",59.81430247222283,"African American",50,,
2024-11-04 00:00:00,"Ethnicity","Civic Intent score",59.93761802986348,"Hispanic/Latino",22,,
2024-11-04 00:00:00,"Ethnicity","Civic Intent score",64.00206198269008,"Indigenous/ Native/First Nation",6,,
2024-11-04 00:00:00,"Ethnicity","Civic Intent score",64.2209664122081,"Other",7,,
2024-11-04 00:00:00,"Gender","Civic Intent score",56.70637025430743,"Female",203,,
2024-11-04 00:00:00,"Gender","Civic Intent score",58.058037358514795,"Male",202,,
2024-11-04 00:00:00,"Giver Type","Civic Intent score",37.911584393820306,"Non-giver",162,,
2024-11-04 00:00:00,"Giver Type","Civic Intent score",72.25652085789314,"Gave something else",131,,
2024-11-04 00:00:00,"Giver Type","Civic Intent score",72.59400141424477,"Gave to registered nonprofit",169,,
2024-11-04 00:00:00,"Giver Type","Civic Intent score",72.99920409218244,"Gave money",155,,
2024-11-04 00:00:00,"Giver Type","Civic Intent score",73.63567744664005,"Gave items",133,,
2024-11-04 00:00:00,"Giver Type","Civic Intent score",74.05810593212692,"Gave to informal group",139,,
2024-11-04 00:00:00,"Giver Type","Civic Intent score",74.44085537739333,"Gave to individual",120,,
2024-11-04 00:00:00,"Giver Type","Civic Intent score",76.97501529278982,"Volunteered",96,,
2024-11-04 00:00:00,"Giver Type","Civic Intent score",78.30976317406574,"Advocated",76,,
2024-11-04 00:00:00,"State","Civic Intent score",31.898743016759767,"SD South Dakota",4,,
2024-11-04 00:00:00,"State","Civic Intent score",44.43723393796143,"MI Michigan",14,,
2024-11-04 00:00:00,"State","Civic Intent score",45.53072625698324,"ME Maine",4,,
2024-11-04 00:00:00,"State","Civic Intent score",48.87042776273859,"NE Nebraska",6,,
2024-11-04 00:00:00,"State","Civic Intent score",49.40246362193335,"MN Minnesota",9,,
2024-11-04 00:00:00,"State","Civic Intent score",49.71235138261862,"LA Louisiana",8,,
2024-11-04 00:00:00,"State","Civic Intent score",50.0744977102459,"NY New York",24,,
2024-11-04 00:00:00,"State","Civic Intent score",50.778562593465466,"AR Arkansas",5,,
2024-11-04 00:00:00,"State","Civic Intent score",50.99870664934807,"NC North Carolina",10,,
2024-11-04 00:00:00,"State","Civic Intent score",51.03393306869469,"WI Wisconsin",12,,
2024-11-04 00:00:00,"State","Civic Intent score",52.85191940581062,"OK Oklahoma",7,,
2024-11-04 00:00:00,"State","Civic Intent score",55.079692889701924,"CA California",40,,
2024-11-04 00:00:00,"State","Civic Intent score",55.27283378786266,"AZ Arizona",12,,
2024-11-04 00:00:00,"State","Civic Intent score",55.348615654966196,"WA Washington",7,,
2024-11-04 00:00:00,"State","Civic Intent score",55.56376735218432,"AL Alabama",10,,
2024-11-04 00:00:00,"State","Civic Intent score",55.67072328937651,"KY Kentucky",8,,
2024-11-04 00:00:00,"State","Civic Intent score",55.948835666198114,"MD Maryland",7,,
2024-11-04 00:00:00,"State","Civic Intent score",56.34074977132461,"NV Nevada",5,,
2024-11-04 00:00:00,"State","Civic Intent score",56.54249826090834,"OH Ohio",14,,
2024-11-04 00:00:00,"State","Civic Intent score",56.662243973509476,"MA Massachusetts",9,,
2024-11-04 00:00:00,"State","Civic Intent score",57.08738107198532,"SC South Carolina",5,,
2024-11-04 00:00:00,"State","Civic Intent score",57.129709125423354,"VA Virginia",13,,
2024-11-04 00:00:00,"State","Civic Intent score",57.52121211790679,"PA Pennsylvania",20,,
2024-11-04 00:00:00,"State","Civic Intent score",58.075768156424566,"NM New Mexico",4,,
2024-11-04 00:00:00,"State","Civic Intent score",58.190388976140596,"FL Florida",28,,
2024-11-04 00:00:00,"State","Civic Intent score",59.15975274417468,"CO Colorado",7,,
2024-11-04 00:00:00,"State","Civic Intent score",59.632486267986984,"OR Oregon",9,,
2024-11-04 00:00:00,"State","Civic Intent score",60.534605714559305,"TX Texas",32,,
2024-11-04 00:00:00,"State","Civic Intent score",60.916009796025435,"IL Illinois",25,,
2024-11-04 00:00:00,"State","Civic Intent score",61.103650892664575,"WV West Virginia",5,,
2024-11-04 00:00:00,"State","Civic Intent score",61.82644182106154,"GA Georgia",19,,
2024-11-04 00:00:00,"State","Civic Intent score",63.11605964535465,"NJ New Jersey",12,,
2024-11-04 00:00:00,"State","Civic Intent score",64.45530726256983,"AK Alaska",4,,
2024-11-04 00:00:00,"State","Civic Intent score",69.15408113176754,"ID Idaho",6,,
2024-11-04 00:00:00,"State","Civic Intent score",71.32127284805132,"CT Connecticut",7,,
2024-11-04 00:00:00,"State","Civic Intent score",79.55777971308717,"DC District of Columbia",5,,
2024-11-04 00:00:00,"State","Civic Intent score",83.6494413407821,"MO Missouri",6,,
2024-11-11 00:00:00,"ACP Community Type","Civic Intent score",47.653007920800334,"Rural Middle America",28,,
2024-11-11 00:00:00,"ACP Community Type","Civic Intent score",51.55864386849002,"Hispanic Centers",17,,
2024-11-11 00:00:00,"ACP Community Type","Civic Intent score",52.613517937145765,"Graying America",24,,
2024-11-11 00:00:00,"ACP Community Type","Civic Intent score",54.55747242331922,"Exurbs",32,,
2024-11-11 00:00:00,"ACP Community Type","Civic Intent score",55.14355154591337,"Military Posts",9,,
2024-11-11 00:00:00,"ACP Community Type","Civic Intent score",58.168550937566835,"Urban Burbs",88,,
2024-11-11 00:00:00,"ACP Community Type","Civic Intent score",58.28181475818402,"Middle Suburbs",24,,
2024-11-11 00:00:00,"ACP Community Type","Civic Intent score",58.9001592272094,"College Towns",29,,
2024-11-11 00:00:00,"ACP Community Type","Civic Intent score",59.42361796891868,"African American South",17,,
2024-11-11 00:00:00,"ACP Community Type","Civic Intent score",59.53788755790924,"Big Cities",109,,
2024-11-11 00:00:00,"ACP Community Type","Civic Intent score",62.640689606866374,"Not available",5,,
2024-11-11 00:00:00,"ACP Community Type","Civic Intent score",65.28897147778767,"Evangelical Hubs",11,,
2024-11-11 00:00:00,"ACP Community Type","Civic Intent score",65.46404991465889,"Working Class Country",11,,
2024-11-11 00:00:00,"ACP Community Type","Civic Intent score",66.51379562047497,"LDS Enclaves",7,,
2024-11-11 00:00:00,"Age","Civic Intent score",55.65712974636303,"30 to 34",47,,
2024-11-11 00:00:00,"Age","Civic Intent score",56.68668794927783,"50 to 64",101,,
2024-11-11 00:00:00,"Age","Civic Intent score",56.85028980920066,"65 to 85",82,,
2024-11-11 00:00:00,"Age","Civic Intent score",57.69390737809055,"35 to 49",103,,
2024-11-11 00:00:00,"Age","Civic Intent score",59.30190174229724,"25 to 29",23,,
2024-11-11 00:00:00,"Age","Civic Intent score",59.43895928761057,"18 to 24",49,,
2024-11-11 00:00:00,"All","Civic Intent score",57.40922611322263,"All",405,,
2024-11-11 00:00:00,"Children in Home","Civic Intent score",56.033234383941334,"No children in home",274,,
2024-11-11 00:00:00,"Children in Home","Civic Intent score",60.26682363158393,"Children in home",131,,
2024-11-11 00:00:00,"Demographics","Civic Intent score",49.628405300134176,"Under $25,000",61,,
2024-11-11 00:00:00,"Demographics","Civic Intent score",52.361298100901685,"$25,000 to $49,999",62,,
2024-11-11 00:00:00,"Demographics","Civic Intent score",52.62923321544427,"Prefer not to answer",31,,
2024-11-11 00:00:00,"Demographics","Civic Intent score",58.215892999181385,"$50,000 to $74,999",65,,
2024-11-11 00:00:00,"Demographics","Civic Intent score",58.680026142319974,"$75,000 to $99,999",54,,
2024-11-11 00:00:00,"Demographics","Civic Intent score",62.340004888905796,"Over $150,000",63,,
2024-11-11 00:00:00,"Demographics","Civic Intent score",64.52776085226795,"$100,000 to $150,000",69,,
2024-11-11 00:00:00,"Ethnicity","Civic Intent score",46.81231274650306,"Prefer not to answer",10,,
2024-11-11 00:00:00,"Ethnicity","Civic Intent score",52.464473564203864,"Asian",24,,
2024-11-11 00:00:00,"Ethnicity","Civic Intent score",53.24013411290077,"Hispanic/Latino",27,,
2024-11-11 00:00:00,"Ethnicity","Civic Intent score",55.79387469778191,"Indigenous/ Native/First Nation",7,,
2024-11-11 00:00:00,"Ethnicity","Civic Intent score",57.669915524548,"African American",46,,
2024-11-11 00:00:00,"Ethnicity","Civic Intent score",58.43511987967169,"Caucasian/White",312,,
2024-11-11 00:00:00,"Gender","Civic Intent score",36.382681564245814,"Prefer not to answer",4,,
2024-11-11 00:00:00,"Gender","Civic Intent score",56.2172924065736,"Female",203,,
2024-11-11 00:00:00,"Gender","Civic Intent score",58.91404552396006,"Male",201,,
2024-11-11 00:00:00,"Giver Type","Civic Intent score",38.02966394518745,"Non-giver",157,,
2024-11-11 00:00:00,"Giver Type","Civic Intent score",71.76094238611685,"Gave something else",127,,
2024-11-11 00:00:00,"Giver Type","Civic Intent score",72.03271737567124,"Gave to registered nonprofit",175,,
2024-11-11 00:00:00,"Giver Type","Civic Intent score",72.50778614481457,"Gave money",151,,
2024-11-11 00:00:00,"Giver Type","Civic Intent score",72.67087754321572,"Gave items",138,,
2024-11-11 00:00:00,"Giver Type","Civic Intent score",73.34680395003346,"Gave to individual",126,,
2024-11-11 00:00:00,"Giver Type","Civic Intent score",73.63665769127097,"Gave to informal group",138,,
2024-11-11 00:00:00,"Giver Type","Civic Intent score",76.41882173662536,"Volunteered",100,,
2024-11-11 00:00:00,"Giver Type","Civic Intent score",77.61343110689056,"Advocated",78,,
2024-11-11 00:00:00,"State","Civic Intent score",39.371748765346474,"MN Minnesota",8,,
2024-11-11 00:00:00,"State","Civic Intent score",43.401868946561336,"IA Iowa",6,,
2024-11-11 00:00:00,"State","Civic Intent score",48.5427357583724,"MI Michigan",17,,
2024-11-11 00:00:00,"State","Civic Intent score",50.31781994841028,"NY New York",28,,
2024-11-11 00:00:00,"State","Civic Intent score",54.10031335250812,"AZ Arizona",12,,
2024-11-11 00:00:00,"State","Civic Intent score",54.89117625831104,"CA California",40,,
2024-11-11 00:00:00,"State","Civic Intent score",54.95247787177899,"OH Ohio",13,,
2024-11-11 00:00:00,"State","Civic Intent score",55.29480146990551,"FL Florida",27,,
2024-11-11 00:00:00,"State","Civic Intent score",55.68331609163685,"AL Alabama",9,,
2024-11-11 00:00:00,"State","Civic Intent score",55.85346546837751,"WI Wisconsin",16,,
2024-11-11 00:00:00,"State","Civic Intent score",57.18539400855851,"KY Kentucky",9,,
2024-11-11 00:00:00,"State","Civic Intent score",57.535056125715535,"PA Pennsylvania",22,,
2024-11-11 00:00:00,"State","Civic Intent score",58.09479444297323,"IL Illinois",25,,
2024-11-11 00:00:00,"State","Civic Intent score",58.41766174034127,"NJ New Jersey",9,,
2024-11-11 00:00:00,"State","Civic Intent score",58.42844124528981,"CO Colorado",8,,
2024-11-11 00:00:00,"State","Civic Intent score",58.71994348759942,"MD Maryland",11,,
2024-11-11 00:00:00,"State","Civic Intent score",59.90325770839156,"OR Oregon",8,,
2024-11-11 00:00:00,"State","Civic Intent score",60.17989416262892,"NV Nevada",6,,
2024-11-11 00:00:00,"State","Civic Intent score",60.21158998892984,"TX Texas",33,,
2024-11-11 00:00:00,"State","Civic Intent score",61.22364732746019,"MA Massachusetts",12,,
2024-11-11 00:00:00,"State","Civic Intent score",61.80463289344032,"OK Oklahoma",7,,
2024-11-11 00:00:00,"State","Civic Intent score",62.10059381805964,"GA Georgia",19,,
2024-11-11 00:00:00,"State","Civic Intent score",63.110945779035816,"NC North Carolina",10,,
2024-11-11 00:00:00,"State","Civic Intent score",67.37433033715494,"UT Utah",7,,
2024-11-11 00:00:00,"State","Civic Intent score",70.27434529005416,"TN Tennessee",7,,
2024-11-11 00:00:00,"State","Civic Intent score",74.84113128491619,"CT Connecticut",4,,
2024-11-11 00:00:00,"State","Civic Intent score",75.27781857650108,"MO Missouri",5,,
2024-11-18 00:00:00,"ACP Community Type","Civic Intent score",49.19436992227413,"Graying America",20,,
2024-11-18 00:00:00,"ACP Community Type","Civic Intent score",53.50537245723359,"Rural Middle America",28,,
2024-11-18 00:00:00,"ACP Community Type","Civic Intent score",53.510469223836004,"Hispanic Centers",18,,
2024-11-18 00:00:00,"ACP Community Type","Civic Intent score",55.28628188277064,"Exurbs",34,,
2024-11-18 00:00:00,"ACP Community Type","Civic Intent score",57.94191802207618,"Evangelical Hubs",9,,
2024-11-18 00:00:00,"ACP Community Type","Civic Intent score",59.17959016850788,"Middle Suburbs",21,,
2024-11-18 00:00:00,"ACP Community Type","Civic Intent score",59.187323550922045,"College Towns",33,,
2024-11-18 00:00:00,"ACP Community Type","Civic Intent score",59.31432592508825,"Urban Burbs",83,,
2024-11-18 00:00:00,"ACP Community Type","Civic Intent score",60.92269391574125,"Big Cities",115,,
2024-11-18 00:00:00,"ACP Community Type","Civic Intent score",61.77521234076968,"Military Posts",10,,
2024-11-18 00:00:00,"ACP Community Type","Civic Intent score",62.14066232974346,"African American South",15,,
2024-11-18 00:00:00,"ACP Community Type","Civic Intent score",65.02132975843766,"Working Class Country",12,,
2024-11-18 00:00:00,"ACP Community Type","Civic Intent score",66.52217550874313,"LDS Enclaves",7,,
2024-11-18 00:00:00,"Age","Civic Intent score",55.609163297223056,"30 to 34",46,,
2024-11-18 00:00:00,"Age","Civic Intent score",56.106679086540176,"65 to 85",81,,
2024-11-18 00:00:00,"Age","Civic Intent score",57.27519223476733,"35 to 49",100,,
2024-11-18 00:00:00,"Age","Civic Intent score",60.07852475439295,"50 to 64",102,,
2024-11-18 00:00:00,"Age","Civic Intent score",60.70325184120768,"18 to 24",50,,
2024-11-18 00:00:00,"Age","Civic Intent score",65.9283218554431,"25 to 29",26,,
2024-11-18 00:00:00,"All","Civic Intent score",58.59801498636039,"All",405,,
2024-11-18 00:00:00,"Children in Home","Civic Intent score",57.039654903471664,"No children in home",275,,
2024-11-18 00:00:00,"Children in Home","Civic Intent score",61.80221487094855,"Children in home",130,,
2024-11-18 00:00:00,"Demographics","Civic Intent score",51.53531570777998,"$25,000 to $49,999",68,,
2024-11-18 00:00:00,"Demographics","Civic Intent score",52.74225869169922,"Prefer not to answer",29,,
2024-11-18 00:00:00,"Demographics","Civic Intent score",52.78899289444223,"Under $25,000",56,,
2024-11-18 00:00:00,"Demographics","Civic Intent score",59.065072398902295,"$50,000 to $74,999",64,,
2024-11-18 00:00:00,"Demographics","Civic Intent score",62.79434137245956,"Over $150,000",63,,
2024-11-18 00:00:00,"Demographics","Civic Intent score",63.093637214221076,"$75,000 to $99,999",59,,
2024-11-18 00:00:00,"Demographics","Civic Intent score",64.57166364162654,"$100,000 to $150,000",66,,
2024-11-18 00:00:00,"Ethnicity","Civic Intent score",45.95164453349006,"Prefer not to answer",9,,
2024-11-18 00:00:00,"Ethnicity","Civic Intent score",49.03612911303817,"Indigenous/ Native/First Nation",9,,
2024-11-18 00:00:00,"Ethnicity","Civic Intent score",55.1434605687065,"Hispanic/Latino",29,,
2024-11-18 00:00:00,"Ethnicity","Civic Intent score",57.15421428137094,"Asian",25,,
2024-11-18 00:00:00,"Ethnicity","Civic Intent score",58.878024666117625,"Caucasian/White",305,,
2024-11-18 00:00:00,"Ethnicity","Civic Intent score",62.95742469249327,"African American",52,,
2024-11-18 00:00:00,"Gender","Civic Intent score",57.753411845696874,"Female",203,,
2024-11-18 00:00:00,"Gender","Civic Intent score",59.736378522841115,"Male",201,,
2024-11-18 00:00:00,"Giver Type","Civic Intent score",37.370902350038115,"Non-giver",138,,
2024-11-18 00:00:00,"Giver Type","Civic Intent score",71.13286297804657,"Gave something else",139,,
2024-11-18 00:00:00,"Giver Type","Civic Intent score",71.74555817801324,"Gave to registered nonprofit",186,,
2024-11-18 00:00:00,"Giver Type","Civic Intent score",72.20551398397288,"Gave money",162,,
2024-11-18 00:00:00,"Giver Type","Civic Intent score",72.59404741688391,"Gave items",156,,
2024-11-18 00:00:00,"Giver Type","Civic Intent score",72.8541176623746,"Gave to individual",137,,
2024-11-18 00:00:00,"Giver Type","Civic Intent score",73.90196901347876,"Gave to informal group",150,,
2024-11-18 00:00:00,"Giver Type","Civic Intent score",75.77326723889522,"Volunteered",112,,
2024-11-18 00:00:00,"Giver Type","Civic Intent score",78.25450405603655,"Advocated",81,,
2024-11-18 00:00:00,"State","Civic Intent score",30.19797486033519,"WY Wyoming",4,,
2024-11-18 00:00:00,"State","Civic Intent score",40.779990148811166,"LA Louisiana",7,,
2024-11-18 00:00:00,"State","Civic Intent score",44.314245810055866,"NH New Hampshire",4,,
2024-11-18 00:00:00,"State","Civic Intent score",45.53674253016785,"MN Minnesota",6,,
2024-11-18 00:00:00,"State","Civic Intent score",48.663058659217874,"ME Maine",4,,
2024-11-18 00:00:00,"State","Civic Intent score",50.25708284203916,"FL Florida",24,,
2024-11-18 00:00:00,"State","Civic Intent score",51.49400956541598,"KY Kentucky",8,,
2024-11-18 00:00:00,"State","Civic Intent score",52.001257087638045,"MI Michigan",17,,
2024-11-18 00:00:00,"State","Civic Intent score",52.77883811865172,"OR Oregon",7,,
2024-11-18 00:00:00,"State","Civic Intent score",54.21337332891031,"IN Indiana",8,,
2024-11-18 00:00:00,"State","Civic Intent score",54.67435250496836,"AL Alabama",10,,
2024-11-18 00:00:00,"State","Civic Intent score",54.71927374301675,"MS Mississippi",4,,
2024-11-18 00:00:00,"State","Civic Intent score",55.16204058785933,"CO Colorado",9,,
2024-11-18 00:00:00,"State","Civic Intent score",55.64019531047958,"NY New York",31,,
2024-11-18 00:00:00,"State","Civic Intent score",55.78543347042169,"CA California",44,,
2024-11-18 00:00:00,"State","Civic Intent score",57.076581574427834,"WA Washington",7,,
2024-11-18 00:00:00,"State","Civic Intent score",57.797725468643826,"VA Virginia",12,,
2024-11-18 00:00:00,"State","Civic Intent score",57.821013018559846,"MO Missouri",10,,
2024-11-18 00:00:00,"State","Civic Intent score",58.38468515893762,"IL Illinois",24,,
2024-11-18 00:00:00,"State","Civic Intent score",58.52753191258611,"PA Pennsylvania",21,,
2024-11-18 00:00:00,"State","Civic Intent score",58.9054823811223,"NC North Carolina",10,,
2024-11-18 00:00:00,"State","Civic Intent score",60.36683030474074,"TX Texas",43,,
2024-11-18 00:00:00,"State","Civic Intent score",60.482501238979005,"NV Nevada",6,,
2024-11-18 00:00:00,"State","Civic Intent score",60.9259607027724,"WI Wisconsin",15,,
2024-11-18 00:00:00,"State","Civic Intent score",61.46009911919417,"MA Massachusetts",10,,
2024-11-18 00:00:00,"State","Civic Intent score",64.29875438601356,"NJ New Jersey",7,,
2024-11-18 00:00:00,"State","Civic Intent score",64.70565235154362,"OH Ohio",13,,
2024-11-18 00:00:00,"State","Civic Intent score",65.39018824984355,"MD Maryland",9,,
2024-11-18 00:00:00,"State","Civic Intent score",67.49406424581004,"CT Connecticut",4,,
2024-11-18 00:00:00,"State","Civic Intent score",68.78536604796867,"ID Idaho",6,,
2024-11-18 00:00:00,"State","Civic Intent score",69.7284613141785,"GA Georgia",15,,
2024-11-18 00:00:00,"State","Civic Intent score",70.57245483835206,"UT Utah",7,,
2024-11-18 00:00:00,"State","Civic Intent score",71.03185242254294,"WV West Virginia",6,,
2024-11-18 00:00:00,"State","Civic Intent score",73.4417013034504,"TN Tennessee",8,,
2024-11-25 00:00:00,"ACP Community Type","Civic Intent score",50.78616418184613,"Graying America",18,,
2024-11-25 00:00:00,"ACP Community Type","Civic Intent score",53.57777674528961,"Rural Middle America",30,,
2024-11-25 00:00:00,"ACP Community Type","Civic Intent score",54.467701567317725,"African American South",14,,
2024-11-25 00:00:00,"ACP Community Type","Civic Intent score",54.69263336336908,"Exurbs",36,,
2024-11-25 00:00:00,"ACP Community Type","Civic Intent score",56.1154604231882,"Evangelical Hubs",8,,
2024-11-25 00:00:00,"ACP Community Type","Civic Intent score",57.38648803634631,"Hispanic Centers",19,,
2024-11-25 00:00:00,"ACP Community Type","Civic Intent score",57.789469376018076,"Working Class Country",8,,
2024-11-25 00:00:00,"ACP Community Type","Civic Intent score",58.54445719497531,"Middle Suburbs",15,,
2024-11-25 00:00:00,"ACP Community Type","Civic Intent score",58.95110511431191,"Big Cities",118,,
2024-11-25 00:00:00,"ACP Community Type","Civic Intent score",59.859105367221254,"Urban Burbs",83,,
2024-11-25 00:00:00,"ACP Community Type","Civic Intent score",60.06271631217992,"College Towns",30,,
2024-11-25 00:00:00,"ACP Community Type","Civic Intent score",64.2004850399673,"Military Posts",11,,
2024-11-25 00:00:00,"ACP Community Type","Civic Intent score",68.69869173844343,"LDS Enclaves",7,,
2024-11-25 00:00:00,"Age","Civic Intent score",55.35531545901905,"30 to 34",42,,
2024-11-25 00:00:00,"Age","Civic Intent score",56.3682052071526,"65 to 85",83,,
2024-11-25 00:00:00,"Age","Civic Intent score",57.272314843263516,"50 to 64",103,,
2024-11-25 00:00:00,"Age","Civic Intent score",57.37056887527534,"35 to 49",98,,
2024-11-25 00:00:00,"Age","Civic Intent score",60.860027985402354,"18 to 24",47,,
2024-11-25 00:00:00,"Age","Civic Intent score",66.79621998347987,"25 to 29",29,,
2024-11-25 00:00:00,"All","Civic Intent score",58.09691842421507,"All",402,,
2024-11-25 00:00:00,"Children in Home","Civic Intent score",56.34386988623699,"No children in home",279,,
2024-11-25 00:00:00,"Children in Home","Civic Intent score",61.89229194300424,"Children in home",123,,
2024-11-25 00:00:00,"Demographics","Civic Intent score",50.62025116522674,"Prefer not to answer",27,,
2024-11-25 00:00:00,"Demographics","Civic Intent score",51.84734564326958,"$25,000 to $49,999",69,,
2024-11-25 00:00:00,"Demographics","Civic Intent score",52.92701646931167,"Under $25,000",59,,
2024-11-25 00:00:00,"Demographics","Civic Intent score",57.67352161516236,"$50,000 to $74,999",64,,
2024-11-25 00:00:00,"Demographics","Civic Intent score",60.97337680910766,"Over $150,000",69,,
2024-11-25 00:00:00,"Demographics","Civic Intent score",64.38053457910634,"$75,000 to $99,999",59,,
2024-11-25 00:00:00,"Demographics","Civic Intent score",65.6904324060653,"$100,000 to $150,000",55,,
2024-11-25 00:00:00,"Ethnicity","Civic Intent score",41.17511585870368,"Prefer not to answer",7,,
2024-11-25 00:00:00,"Ethnicity","Civic Intent score",47.69503662390099,"Indigenous/ Native/First Nation",9,,
2024-11-25 00:00:00,"Ethnicity","Civic Intent score",57.23245039966726,"Hispanic/Latino",37,,
2024-11-25 00:00:00,"Ethnicity","Civic Intent score",57.76845277518995,"Caucasian/White",303,,
2024-11-25 00:00:00,"Ethnicity","Civic Intent score",59.336493691557365,"Asian",26,,
2024-11-25 00:00:00,"Ethnicity","Civic Intent score",64.38102242975054,"African American",52,,
2024-11-25 00:00:00,"Ethnicity","Civic Intent score",64.80483761603779,"Eastern or Central European",6,,
2024-11-25 00:00:00,"Gender","Civic Intent score",37.565293296089386,"Prefer not to answer",4,,
2024-11-25 00:00:00,"Gender","Civic Intent score",56.446033481273375,"Female",203,,
2024-11-25 00:00:00,"Gender","Civic Intent score",60.01213719591452,"Male",197,,
2024-11-25 00:00:00,"Giver Type","Civic Intent score",36.58505510317387,"Non-giver",140,,
2024-11-25 00:00:00,"Giver Type","Civic Intent score",71.47708758947034,"Gave to registered nonprofit",191,,
2024-11-25 00:00:00,"Giver Type","Civic Intent score",71.83796837308611,"Gave to individual",139,,
2024-11-25 00:00:00,"Giver Type","Civic Intent score",71.97492757209797,"Gave items",158,,
2024-11-25 00:00:00,"Giver Type","Civic Intent score",72.12666055390238,"Gave something else",126,,
2024-11-25 00:00:00,"Giver Type","Civic Intent score",72.18994149302179,"Gave money",157,,
2024-11-25 00:00:00,"Giver Type","Civic Intent score",72.62286020215839,"Gave to informal group",147,,
2024-11-25 00:00:00,"Giver Type","Civic Intent score",75.68036370998384,"Volunteered",111,,
2024-11-25 00:00:00,"Giver Type","Civic Intent score",76.87830326862412,"Advocated",86,,
2024-11-25 00:00:00,"State","Civic Intent score",38.63442081350474,"LA Louisiana",6,,
2024-11-25 00:00:00,"State","Civic Intent score",44.11990433582579,"NE Nebraska",5,,
2024-11-25 00:00:00,"State","Civic Intent score",45.54085195530726,"SC South Carolina",4,,
2024-11-25 00:00:00,"State","Civic Intent score",46.510410701164986,"AL Alabama",7,,
2024-11-25 00:00:00,"State","Civic Intent score",48.321022710212894,"IA Iowa",6,,
2024-11-25 00:00:00,"State","Civic Intent score",50.92022956632037,"KY Kentucky",7,,
2024-11-25 00:00:00,"State","Civic Intent score",51.09295300899852,"FL Florida",23,,
2024-11-25 00:00:00,"State","Civic Intent score",52.97683998127335,"MI Michigan",14,,
2024-11-25 00:00:00,"State","Civic Intent score",53.11185589011359,"KS Kansas",5,,
2024-11-25 00:00:00,"State","Civic Intent score",53.184154668020156,"NY New York",32,,
2024-11-25 00:00:00,"State","Civic Intent score",53.357541899441344,"MS Mississippi",4,,
2024-11-25 00:00:00,"State","Civic Intent score",53.36991628216378,"IL Illinois",24,,
2024-11-25 00:00:00,"State","Civic Intent score",53.431404576599654,"WA Washington",11,,
2024-11-25 00:00:00,"State","Civic Intent score",54.52171141993444,"IN Indiana",7,,
2024-11-25 00:00:00,"State","Civic Intent score",55.460677823029116,"MO Missouri",10,,
2024-11-25 00:00:00,"State","Civic Intent score",56.10579608938547,"NM New Mexico",4,,
2024-11-25 00:00:00,"State","Civic Intent score",57.0607135294818,"NV Nevada",6,,
2024-11-25 00:00:00,"State","Civic Intent score",57.105827856844684,"PA Pennsylvania",16,,
2024-11-25 00:00:00,"State","Civic Intent score",57.29905290509028,"CA California",41,,
2024-11-25 00:00:00,"State","Civic Intent score",57.674301675977645,"CT Connecticut",5,,
2024-11-25 00:00:00,"State","Civic Intent score",57.854882669169925,"TX Texas",39,,
2024-11-25 00:00:00,"State","Civic Intent score",58.13814566119421,"CO Colorado",10,,
2024-11-25 00:00:00,"State","Civic Intent score",58.97551729897874,"AZ Arizona",11,,
2024-11-25 00:00:00,"State","Civic Intent score",61.04419214897487,"WI Wisconsin",15,,
2024-11-25 00:00:00,"State","Civic Intent score",62.63647598966923,"MA Massachusetts",9,,
2024-11-25 00:00:00,"State","Civic Intent score",63.03250692242518,"OH Ohio",12,,
2024-11-25 00:00:00,"State","Civic Intent score",63.18931880319365,"NJ New Jersey",11,,
2024-11-25 00:00:00,"State","Civic Intent score",63.2880927445834,"NC North Carolina",12,,
2024-11-25 00:00:00,"State","Civic Intent score",64.14674288836481,"MD Maryland",11,,
2024-11-25 00:00:00,"State","Civic Intent score",65.96818472011536,"OK Oklahoma",6,,
2024-11-25 00:00:00,"State","Civic Intent score",68.24527962427324,"GA Georgia",13,,
2024-11-25 00:00:00,"State","Civic Intent score",71.45441875347309,"TN Tennessee",10,,
2024-11-25 00:00:00,"State","Civic Intent score",71.85351022428242,"UT Utah",8,,
2024-11-25 00:00:00,"State","Civic Intent score",77.07421741323195,"WV West Virginia",6,,
2024-11-25 00:00:00,"State","Civic Intent score",85.09213725498662,"DC District of Columbia",5,,
2024-12-02 00:00:00,"ACP Community Type","Civic Intent score",37.53138396628371,"Native American Lands",5,,
2024-12-02 00:00:00,"ACP Community Type","Civic Intent score",51.727841987487324,"Graying America",16,,
2024-12-02 00:00:00,"ACP Community Type","Civic Intent score",53.14575974983683,"Hispanic Centers",21,,
2024-12-02 00:00:00,"ACP Community Type","Civic Intent score",54.40685972212849,"African American South",18,,
2024-12-02 00:00:00,"ACP Community Type","Civic Intent score",54.8414436697101,"Middle Suburbs",14,,
2024-12-02 00:00:00,"ACP Community Type","Civic Intent score",55.75967931824083,"Rural Middle America",31,,
2024-12-02 00:00:00,"ACP Community Type","Civic Intent score",56.311639327536774,"Not available",5,,
2024-12-02 00:00:00,"ACP Community Type","Civic Intent score",57.58090111681282,"Urban Burbs",87,,
2024-12-02 00:00:00,"ACP Community Type","Civic Intent score",58.06948585580895,"College Towns",25,,
2024-12-02 00:00:00,"ACP Community Type","Civic Intent score",58.77244292854724,"Exurbs",38,,
2024-12-02 00:00:00,"ACP Community Type","Civic Intent score",59.58249906329462,"Big Cities",121,,
2024-12-02 00:00:00,"ACP Community Type","Civic Intent score",61.358711836432875,"Military Posts",10,,
2024-12-02 00:00:00,"ACP Community Type","Civic Intent score",65.49230118375455,"Evangelical Hubs",7,,
2024-12-02 00:00:00,"Age","Civic Intent score",56.48048931322065,"30 to 34",41,,
2024-12-02 00:00:00,"Age","Civic Intent score",56.815592850366954,"65 to 85",85,,
2024-12-02 00:00:00,"Age","Civic Intent score",56.9481566593396,"35 to 49",97,,
2024-12-02 00:00:00,"Age","Civic Intent score",57.51295908429194,"50 to 64",102,,
2024-12-02 00:00:00,"Age","Civic Intent score",61.350185494566304,"18 to 24",49,,
2024-12-02 00:00:00,"Age","Civic Intent score",64.0909472374328,"25 to 29",28,,
2024-12-02 00:00:00,"All","Civic Intent score",58.05148179683598,"All",402,,
2024-12-02 00:00:00,"Children in Home","Civic Intent score",55.55602519271803,"No children in home",273,,
2024-12-02 00:00:00,"Children in Home","Civic Intent score",63.09919644642251,"Children in home",129,,
2024-12-02 00:00:00,"Demographics","Civic Intent score",50.963073702643925,"Under $25,000",57,,
2024-12-02 00:00:00,"Demographics","Civic Intent score",51.80931033138382,"Prefer not to answer",27,,
2024-12-02 00:00:00,"Demographics","Civic Intent score",53.28600270135315,"$25,000 to $49,999",71,,
2024-12-02 00:00:00,"Demographics","Civic Intent score",58.132623973179484,"$50,000 to $74,999",69,,
2024-12-02 00:00:00,"Demographics","Civic Intent score",58.8970088852239,"Over $150,000",59,,
2024-12-02 00:00:00,"Demographics","Civic Intent score",63.52405875810016,"$75,000 to $99,999",57,,
2024-12-02 00:00:00,"Demographics","Civic Intent score",67.09913047324152,"$100,000 to $150,000",62,,
2024-12-02 00:00:00,"Ethnicity","Civic Intent score",38.38487621669945,"Prefer not to answer",9,,
2024-12-02 00:00:00,"Ethnicity","Civic Intent score",50.199512127109024,"Indigenous/ Native/First Nation",8,,
2024-12-02 00:00:00,"Ethnicity","Civic Intent score",56.79828541741246,"Hispanic/Latino",39,,
2024-12-02 00:00:00,"Ethnicity","Civic Intent score",57.49086892812912,"Asian",26,,
2024-12-02 00:00:00,"Ethnicity","Civic Intent score",58.194253794041664,"Caucasian/White",292,,
2024-12-02 00:00:00,"Ethnicity","Civic Intent score",63.63455806590716,"African American",58,,
2024-12-02 00:00:00,"Ethnicity","Civic Intent score",67.19448324022346,"Other",4,,
2024-12-02 00:00:00,"Gender","Civic Intent score",56.73694298913975,"Female",203,,
2024-12-02 00:00:00,"Gender","Civic Intent score",59.62049797855403,"Male",197,,
2024-12-02 00:00:00,"Giver Type","Civic Intent score",36.044824152840285,"Non-giver",134,,
2024-12-02 00:00:00,"Giver Type","Civic Intent score",70.99653236099843,"Gave to individual",141,,
2024-12-02 00:00:00,"Giver Type","Civic Intent score",71.01333431958679,"Gave items",169,,
2024-12-02 00:00:00,"Giver Type","Civic Intent score",71.20321128510341,"Gave to registered nonprofit",192,,
2024-12-02 00:00:00,"Giver Type","Civic Intent score",71.3002297064939,"Gave something else",126,,
2024-12-02 00:00:00,"Giver Type","Civic Intent score",71.56343497463045,"Gave to informal group",149,,
2024-12-02 00:00:00,"Giver Type","Civic Intent score",71.9449091764211,"Gave money",154,,
2024-12-02 00:00:00,"Giver Type","Civic Intent score",74.9886192565852,"Volunteered",108,,
2024-12-02 00:00:00,"Giver Type","Civic Intent score",75.11942763499987,"Advocated",89,,
2024-12-02 00:00:00,"State","Civic Intent score",45.45014730229989,"RI Rhode Island",5,,
2024-12-02 00:00:00,"State","Civic Intent score",46.910837100252415,"MS Mississippi",7,,
2024-12-02 00:00:00,"State","Civic Intent score",47.83498813470846,"NE Nebraska",5,,
2024-12-02 00:00:00,"State","Civic Intent score",49.418365653666896,"NV Nevada",7,,
2024-12-02 00:00:00,"State","Civic Intent score",52.33375584067069,"MN Minnesota",5,,
2024-12-02 00:00:00,"State","Civic Intent score",52.61024955789368,"NY New York",30,,
2024-12-02 00:00:00,"State","Civic Intent score",52.76026852026876,"IA Iowa",6,,
2024-12-02 00:00:00,"State","Civic Intent score",53.30510185694,"WA Washington",10,,
2024-12-02 00:00:00,"State","Civic Intent score",53.44972850319612,"LA Louisiana",6,,
2024-12-02 00:00:00,"State","Civic Intent score",53.65489877643279,"IL Illinois",26,,
2024-12-02 00:00:00,"State","Civic Intent score",53.695530726256976,"NM New Mexico",4,,
2024-12-02 00:00:00,"State","Civic Intent score",53.86230710664613,"FL Florida",26,,
2024-12-02 00:00:00,"State","Civic Intent score",53.940977341228844,"AL Alabama",7,,
2024-12-02 00:00:00,"State","Civic Intent score",55.47870940905812,"MI Michigan",12,,
2024-12-02 00:00:00,"State","Civic Intent score",56.58831964459652,"MD Maryland",13,,
2024-12-02 00:00:00,"State","Civic Intent score",56.796150928311405,"MA Massachusetts",10,,
2024-12-02 00:00:00,"State","Civic Intent score",56.86114294902255,"IN Indiana",5,,
2024-12-02 00:00:00,"State","Civic Intent score",56.96223064232431,"PA Pennsylvania",16,,
2024-12-02 00:00:00,"State","Civic Intent score",57.3158671576038,"CA California",45,,
2024-12-02 00:00:00,"State","Civic Intent score",57.34059170335434,"TX Texas",38,,
2024-12-02 00:00:00,"State","Civic Intent score",58.79434116213397,"SC South Carolina",5,,
2024-12-02 00:00:00,"State","Civic Intent score",59.75406323084485,"NC North Carolina",12,,
2024-12-02 00:00:00,"State","Civic Intent score",60.4801688248995,"AZ Arizona",10,,
2024-12-02 00:00:00,"State","Civic Intent score",60.92262569832402,"CT Connecticut",5,,
2024-12-02 00:00:00,"State","Civic Intent score",61.51120643619544,"WI Wisconsin",12,,
2024-12-02 00:00:00,"State","Civic Intent score",62.280264069265826,"NJ New Jersey",11,,
2024-12-02 00:00:00,"State","Civic Intent score",63.44293410009834,"CO Colorado",12,,
2024-12-02 00:00:00,"State","Civic Intent score",65.10599473979819,"VA Virginia",9,,
2024-12-02 00:00:00,"State","Civic Intent score",65.94557257954257,"OH Ohio",13,,
2024-12-02 00:00:00,"State","Civic Intent score",66.34631657113648,"KY Kentucky",6,,
2024-12-02 00:00:00,"State","Civic Intent score",66.76485370968052,"ID Idaho",5,,
2024-12-02 00:00:00,"State","Civic Intent score",68.17570471435285,"GA Georgia",8,,
2024-12-02 00:00:00,"State","Civic Intent score",70.63376256677296,"TN Tennessee",12,,
2024-12-09 00:00:00,"ACP Community Type","Civic Intent score",47.452054357345155,"Native American Lands",5,,
2024-12-09 00:00:00,"ACP Community Type","Civic Intent score",51.5627171025754,"Graying America",15,,
2024-12-09 00:00:00,"ACP Community Type","Civic Intent score",52.497679556249814,"Middle Suburbs",13,,
2024-12-09 00:00:00,"ACP Community Type","Civic Intent score",54.579966032813815,"African American South",18,,
2024-12-09 00:00:00,"ACP Community Type","Civic Intent score",55.61243875657073,"Hispanic Centers",15,,
2024-12-09 00:00:00,"ACP Community Type","Civic Intent score",57.76208960296939,"Exurbs",37,,
2024-12-09 00:00:00,"ACP Community Type","Civic Intent score",58.071107059555146,"Rural Middle America",26,,
2024-12-09 00:00:00,"ACP Community Type","Civic Intent score",58.23440948383061,"Big Cities",124,,
2024-12-09 00:00:00,"ACP Community Type","Civic Intent score",58.57625288976112,"College Towns",28,,
2024-12-09 00:00:00,"ACP Community Type","Civic Intent score",59.51666668627874,"Urban Burbs",95,,
2024-12-09 00:00:00,"ACP Community Type","Civic Intent score",61.1982778972607,"Working Class Country",6,,
2024-12-09 00:00:00,"ACP Community Type","Civic Intent score",62.464991282844025,"Not available",5,,
2024-12-09 00:00:00,"ACP Community Type","Civic Intent score",65.08071361268607,"Military Posts",11,,
2024-12-09 00:00:00,"ACP Community Type","Civic Intent score",66.34093652803453,"Evangelical Hubs",8,,
2024-12-09 00:00:00,"ACP Community Type","Civic Intent score",70.69173928303528,"LDS Enclaves",8,,
2024-12-09 00:00:00,"Age","Civic Intent score",55.081024379262594,"35 to 49",98,,
2024-12-09 00:00:00,"Age","Civic Intent score",57.13932833510507,"65 to 85",86,,
2024-12-09 00:00:00,"Age","Civic Intent score",58.07589520708651,"50 to 64",104,,
2024-12-09 00:00:00,"Age","Civic Intent score",58.57153418656809,"30 to 34",37,,
2024-12-09 00:00:00,"Age","Civic Intent score",63.59146213512248,"18 to 24",48,,
2024-12-09 00:00:00,"Age","Civic Intent score",63.65039961988927,"25 to 29",30,,
2024-12-09 00:00:00,"All","Civic Intent score",58.281295544258626,"All",403,,
2024-12-09 00:00:00,"Children in Home","Civic Intent score",55.971818703844406,"No children in home",272,,
2024-12-09 00:00:00,"Children in Home","Civic Intent score",62.86694743386618,"Children in home",131,,
2024-12-09 00:00:00,"Demographics","Civic Intent score",49.33401060414145,"Prefer not to answer",17,,
2024-12-09 00:00:00,"Demographics","Civic Intent score",50.88327132775905,"Under $25,000",57,,
2024-12-09 00:00:00,"Demographics","Civic Intent score",54.715573443469815,"$25,000 to $49,999",70,,
2024-12-09 00:00:00,"Demographics","Civic Intent score",58.001216706634025,"Over $150,000",60,,
2024-12-09 00:00:00,"Demographics","Civic Intent score",60.09385410849923,"$50,000 to $74,999",71,,
2024-12-09 00:00:00,"Demographics","Civic Intent score",61.01176662083217,"$75,000 to $99,999",58,,
2024-12-09 00:00:00,"Demographics","Civic Intent score",66.69890227783269,"$100,000 to $150,000",70,,
2024-12-09 00:00:00,"Ethnicity","Civic Intent score",41.62080465454069,"Prefer not to answer",7,,
2024-12-09 00:00:00,"Ethnicity","Civic Intent score",51.78602911341539,"Asian",31,,
2024-12-09 00:00:00,"Ethnicity","Civic Intent score",54.01463316320653,"Indigenous/ Native/First Nation",10,,
2024-12-09 00:00:00,"Ethnicity","Civic Intent score",58.259458459867055,"Caucasian/White",294,,
2024-12-09 00:00:00,"Ethnicity","Civic Intent score",61.69398769375773,"Hispanic/Latino",32,,
2024-12-09 00:00:00,"Ethnicity","Civic Intent score",64.05656257439401,"African American",57,,
2024-12-09 00:00:00,"Gender","Civic Intent score",57.593394491648034,"Female",206,,
2024-12-09 00:00:00,"Gender","Civic Intent score",59.00242622001797,"Male",195,,
2024-12-09 00:00:00,"Gender","Civic Intent score",59.97256141218554,"In another way",5,,
2024-12-09 00:00:00,"Giver Type","Civic Intent score",35.538324397658826,"Non-giver",135,,
2024-12-09 00:00:00,"Giver Type","Civic Intent score",71.37805465423392,"Gave to registered nonprofit",192,,
2024-12-09 00:00:00,"Giver Type","Civic Intent score",71.51276998987457,"Gave items",174,,
2024-12-09 00:00:00,"Giver Type","Civic Intent score",71.81458834332305,"Gave to informal group",159,,
2024-12-09 00:00:00,"Giver Type","Civic Intent score",71.95757886721357,"Gave to individual",139,,
2024-12-09 00:00:00,"Giver Type","Civic Intent score",72.16102870302589,"Gave something else",125,,
2024-12-09 00:00:00,"Giver Type","Civic Intent score",72.38432767030211,"Gave money",155,,
2024-12-09 00:00:00,"Giver Type","Civic Intent score",74.90493065471003,"Volunteered",105,,
2024-12-09 00:00:00,"Giver Type","Civic Intent score",75.41322381568092,"Advocated",91,,
2024-12-09 00:00:00,"State","Civic Intent score",40.48358938547486,"WY Wyoming",4,,
2024-12-09 00:00:00,"State","Civic Intent score",40.642458100558656,"NE Nebraska",4,,
2024-12-09 00:00:00,"State","Civic Intent score",45.893198748069985,"MS Mississippi",8,,
2024-12-09 00:00:00,"State","Civic Intent score",46.45423429555321,"IN Indiana",6,,
2024-12-09 00:00:00,"State","Civic Intent score",50.533374406096065,"NC North Carolina",11,,
2024-12-09 00:00:00,"State","Civic Intent score",51.2798697676301,"WA Washington",9,,
2024-12-09 00:00:00,"State","Civic Intent score",52.6321180481931,"MD Maryland",9,,
2024-12-09 00:00:00,"State","Civic Intent score",53.841181338359625,"PA Pennsylvania",17,,
2024-12-09 00:00:00,"State","Civic Intent score",54.20524260691526,"FL Florida",28,,
2024-12-09 00:00:00,"State","Civic Intent score",54.26766106325258,"MO Missouri",10,,
2024-12-09 00:00:00,"State","Civic Intent score",54.770889103273795,"MI Michigan",12,,
2024-12-09 00:00:00,"State","Civic Intent score",55.40739310175263,"NY New York",27,,
2024-12-09 00:00:00,"State","Civic Intent score",56.32410986378704,"CA California",47,,
2024-12-09 00:00:00,"State","Civic Intent score",56.7295992468902,"IA Iowa",7,,
2024-12-09 00:00:00,"State","Civic Intent score",57.474372649331386,"AR Arkansas",5,,
2024-12-09 00:00:00,"State","Civic Intent score",57.47646271248546,"TX Texas",35,,
2024-12-09 00:00:00,"State","Civic Intent score",58.04926818414723,"IL Illinois",21,,
2024-12-09 00:00:00,"State","Civic Intent score",58.780445961670154,"WI Wisconsin",12,,
2024-12-09 00:00:00,"State","Civic Intent score",59.97181891313579,"LA Louisiana",8,,
2024-12-09 00:00:00,"State","Civic Intent score",60.200167856603294,"MN Minnesota",8,,
2024-12-09 00:00:00,"State","Civic Intent score",60.302441124751375,"MA Massachusetts",9,,
2024-12-09 00:00:00,"State","Civic Intent score",60.65797103619938,"OK Oklahoma",5,,
2024-12-09 00:00:00,"State","Civic Intent score",61.29327759152165,"SC South Carolina",6,,
2024-12-09 00:00:00,"State","Civic Intent score",62.188415739973806,"AZ Arizona",11,,
2024-12-09 00:00:00,"State","Civic Intent score",63.01830629757226,"KY Kentucky",6,,
2024-12-09 00:00:00,"State","Civic Intent score",63.433484927142764,"VA Virginia",7,,
2024-12-09 00:00:00,"State","Civic Intent score",63.943016759776526,"CT Connecticut",5,,
2024-12-09 00:00:00,"State","Civic Intent score",65.86475909412268,"CO Colorado",12,,
2024-12-09 00:00:00,"State","Civic Intent score",66.63434677256781,"NJ New Jersey",12,,
2024-12-09 00:00:00,"State","Civic Intent score",69.23609535303241,"OH Ohio",12,,
2024-12-09 00:00:00,"State","Civic Intent score",70.69173928303528,"UT Utah",8,,
2024-12-09 00:00:00,"State","Civic Intent score",74.0036492383133,"TN Tennessee",14,,
2024-12-09 00:00:00,"State","Civic Intent score",74.87471259659608,"WV West Virginia",7,,
2024-12-16 00:00:00,"ACP Community Type","Civic Intent score",48.81779022289062,"Middle Suburbs",14,,
2024-12-16 00:00:00,"ACP Community Type","Civic Intent score",51.70735676230235,"Rural Middle America",21,,
2024-12-16 00:00:00,"ACP Community Type","Civic Intent score",53.87284148877218,"Hispanic Centers",13,,
2024-12-16 00:00:00,"ACP Community Type","Civic Intent score",53.96257795040618,"Working Class Country",6,,
2024-12-16 00:00:00,"ACP Community Type","Civic Intent score",54.19888296344837,"College Towns",29,,
2024-12-16 00:00:00,"ACP Community Type","Civic Intent score",55.48081286923377,"Exurbs",33,,
2024-12-16 00:00:00,"ACP Community Type","Civic Intent score",56.24728527862697,"Big Cities",129,,
2024-12-16 00:00:00,"ACP Community Type","Civic Intent score",57.140721087759495,"Graying America",15,,
2024-12-16 00:00:00,"ACP Community Type","Civic Intent score",57.70918119920776,"African American South",20,,
2024-12-16 00:00:00,"ACP Community Type","Civic Intent score",60.04737796305452,"Military Posts",10,,
2024-12-16 00:00:00,"ACP Community Type","Civic Intent score",60.106490091013356,"Urban Burbs",100,,
2024-12-16 00:00:00,"ACP Community Type","Civic Intent score",66.07672274862584,"Evangelical Hubs",8,,
2024-12-16 00:00:00,"Age","Civic Intent score",54.796515875059036,"50 to 64",103,,
2024-12-16 00:00:00,"Age","Civic Intent score",54.87548044237731,"35 to 49",100,,
2024-12-16 00:00:00,"Age","Civic Intent score",56.19696593225963,"65 to 85",87,,
2024-12-16 00:00:00,"Age","Civic Intent score",56.80496021051798,"30 to 34",41,,
2024-12-16 00:00:00,"Age","Civic Intent score",60.95051327063367,"25 to 29",25,,
2024-12-16 00:00:00,"Age","Civic Intent score",65.31554551220198,"18 to 24",48,,
2024-12-16 00:00:00,"All","Civic Intent score",57.0215896103161,"All",404,,
2024-12-16 00:00:00,"Children in Home","Civic Intent score",54.68342533688225,"No children in home",277,,
2024-12-16 00:00:00,"Children in Home","Civic Intent score",61.90430683637963,"Children in home",127,,
2024-12-16 00:00:00,"Demographics","Civic Intent score",48.10698721555055,"Prefer not to answer",25,,
2024-12-16 00:00:00,"Demographics","Civic Intent score",51.39601805629305,"Under $25,000",60,,
2024-12-16 00:00:00,"Demographics","Civic Intent score",55.293938587677474,"$25,000 to $49,999",69,,
2024-12-16 00:00:00,"Demographics","Civic Intent score",55.3049251606043,"Over $150,000",65,,
2024-12-16 00:00:00,"Demographics","Civic Intent score",58.805128627556776,"$75,000 to $99,999",57,,
2024-12-16 00:00:00,"Demographics","Civic Intent score",59.47660812897394,"$50,000 to $74,999",65,,
2024-12-16 00:00:00,"Demographics","Civic Intent score",65.93729139965848,"$100,000 to $150,000",63,,
2024-12-16 00:00:00,"Ethnicity","Civic Intent score",37.425075076068474,"Prefer not to answer",8,,
2024-12-16 00:00:00,"Ethnicity","Civic Intent score",49.67671291271903,"Asian",29,,
2024-12-16 00:00:00,"Ethnicity","Civic Intent score",55.277748656188166,"Indigenous/ Native/First Nation",11,,
2024-12-16 00:00:00,"Ethnicity","Civic Intent score",57.15579982069336,"Caucasian/White",299,,
2024-12-16 00:00:00,"Ethnicity","Civic Intent score",62.04337017863668,"Hispanic/Latino",36,,
2024-12-16 00:00:00,"Ethnicity","Civic Intent score",63.15905449950594,"African American",51,,
2024-12-16 00:00:00,"Ethnicity","Civic Intent score",66.44776126594468,"Eastern or Central European",6,,
2024-12-16 00:00:00,"Gender","Civic Intent score",23.109986033519547,"Prefer not to answer",4,,
2024-12-16 00:00:00,"Gender","Civic Intent score",56.488303871770626,"Male",195,,
2024-12-16 00:00:00,"Gender","Civic Intent score",57.72959719591049,"Female",206,,
2024-12-16 00:00:00,"Giver Type","Civic Intent score",34.1297896421894,"Non-giver",144,,
2024-12-16 00:00:00,"Giver Type","Civic Intent score",70.76165390608229,"Gave to registered nonprofit",195,,
2024-12-16 00:00:00,"Giver Type","Civic Intent score",71.21717558763969,"Gave items",175,,
2024-12-16 00:00:00,"Giver Type","Civic Intent score",71.55404580054703,"Gave to informal group",152,,
2024-12-16 00:00:00,"Giver Type","Civic Intent score",71.82875645685566,"Gave money",160,,
2024-12-16 00:00:00,"Giver Type","Civic Intent score",72.2858534434076,"Gave something else",122,,
2024-12-16 00:00:00,"Giver Type","Civic Intent score",72.52131489681221,"Gave to individual",135,,
2024-12-16 00:00:00,"Giver Type","Civic Intent score",73.88895087381768,"Advocated",88,,
2024-12-16 00:00:00,"Giver Type","Civic Intent score",74.66167366593463,"Volunteered",94,,
2024-12-16 00:00:00,"State","Civic Intent score",45.62039394513815,"OR Oregon",9,,
2024-12-16 00:00:00,"State","Civic Intent score",45.62363008755063,"NV Nevada",8,,
2024-12-16 00:00:00,"State","Civic Intent score",46.502858242138736,"MI Michigan",12,,
2024-12-16 00:00:00,"State","Civic Intent score",47.57305233023285,"RI Rhode Island",5,,
2024-12-16 00:00:00,"State","Civic Intent score",47.626613552539254,"MS Mississippi",8,,
2024-12-16 00:00:00,"State","Civic Intent score",48.41615641711502,"AR Arkansas",6,,
2024-12-16 00:00:00,"State","Civic Intent score",49.52832359870232,"NY New York",30,,
2024-12-16 00:00:00,"State","Civic Intent score",51.88287778752527,"MD Maryland",11,,
2024-12-16 00:00:00,"State","Civic Intent score",52.240646775580736,"FL Florida",29,,
2024-12-16 00:00:00,"State","Civic Intent score",53.033788538633466,"WA Washington",9,,
2024-12-16 00:00:00,"State","Civic Intent score",54.040153631284916,"ME Maine",4,,
2024-12-16 00:00:00,"State","Civic Intent score",54.217231840716885,"CT Connecticut",6,,
2024-12-16 00:00:00,"State","Civic Intent score",54.262590822264976,"WI Wisconsin",10,,
2024-12-16 00:00:00,"State","Civic Intent score",55.19796058145231,"AL Alabama",7,,
2024-12-16 00:00:00,"State","Civic Intent score",55.42835161346252,"IN Indiana",5,,
2024-12-16 00:00:00,"State","Civic Intent score",55.49443726382539,"SC South Carolina",9,,
2024-12-16 00:00:00,"State","Civic Intent score",55.71918033965238,"TX Texas",24,,
2024-12-16 00:00:00,"State","Civic Intent score",56.085343071399976,"CA California",41,,
2024-12-16 00:00:00,"State","Civic Intent score",56.73161895757517,"IL Illinois",24,,
2024-12-16 00:00:00,"State","Civic Intent score",57.591806596093,"IA Iowa",8,,
2024-12-16 00:00:00,"State","Civic Intent score",57.633694655964135,"NC North Carolina",14,,
2024-12-16 00:00:00,"State","Civic Intent score",58.23782140925109,"VA Virginia",8,,
2024-12-16 00:00:00,"State","Civic Intent score",60.6675180194728,"NM New Mexico",5,,
2024-12-16 00:00:00,"State","Civic Intent score",61.44542125483002,"OH Ohio",16,,
2024-12-16 00:00:00,"State","Civic Intent score",62.16484909260879,"MA Massachusetts",10,,
2024-12-16 00:00:00,"State","Civic Intent score",64.32779302330354,"LA Louisiana",9,,
2024-12-16 00:00:00,"State","Civic Intent score",64.83938299310996,"WV West Virginia",6,,
2024-12-16 00:00:00,"State","Civic Intent score",65.13923709985794,"NJ New Jersey",11,,
2024-12-16 00:00:00,"State","Civic Intent score",65.97450651232904,"AZ Arizona",13,,
2024-12-16 00:00:00,"State","Civic Intent score",67.01927294453846,"GA Georgia",9,,
2024-12-16 00:00:00,"State","Civic Intent score",69.91321203704172,"TN Tennessee",14,,
2024-12-16 00:00:00,"State","Civic Intent score",71.83042601800221,"CO Colorado",10,,
2024-12-16 00:00:00,"State","Civic Intent score",81.63655066280786,"DC District of Columbia",5,,
2024-12-23 00:00:00,"ACP Community Type","Civic Intent score",43.4337612949569,"Middle Suburbs",15,,
2024-12-23 00:00:00,"ACP Community Type","Civic Intent score",52.442955812533405,"Hispanic Centers",13,,
2024-12-23 00:00:00,"ACP Community Type","Civic Intent score",52.91665205366959,"Rural Middle America",24,,
2024-12-23 00:00:00,"ACP Community Type","Civic Intent score",54.066501652234216,"Working Class Country",7,,
2024-12-23 00:00:00,"ACP Community Type","Civic Intent score",55.053862195763166,"Exurbs",37,,
2024-12-23 00:00:00,"ACP Community Type","Civic Intent score",55.747286814349124,"College Towns",29,,
2024-12-23 00:00:00,"ACP Community Type","Civic Intent score",57.528746397404824,"African American South",20,,
2024-12-23 00:00:00,"ACP Community Type","Civic Intent score",58.0261220614555,"Big Cities",122,,
2024-12-23 00:00:00,"ACP Community Type","Civic Intent score",58.35310172562558,"Evangelical Hubs",9,,
2024-12-23 00:00:00,"ACP Community Type","Civic Intent score",58.493095100842396,"Graying America",19,,
2024-12-23 00:00:00,"ACP Community Type","Civic Intent score",58.96606366203959,"Urban Burbs",97,,
2024-12-23 00:00:00,"Age","Civic Intent score",52.28053624310967,"35 to 49",102,,
2024-12-23 00:00:00,"Age","Civic Intent score",55.478523911730726,"50 to 64",104,,
2024-12-23 00:00:00,"Age","Civic Intent score",56.6575276650087,"65 to 85",87,,
2024-12-23 00:00:00,"Age","Civic Intent score",58.08153731119895,"30 to 34",37,,
2024-12-23 00:00:00,"Age","Civic Intent score",60.53262921903214,"25 to 29",26,,
2024-12-23 00:00:00,"Age","Civic Intent score",65.2757428018536,"18 to 24",48,,
2024-12-23 00:00:00,"All","Civic Intent score",56.814702345254815,"All",404,,
2024-12-23 00:00:00,"Children in Home","Civic Intent score",55.31582923270579,"No children in home",277,,
2024-12-23 00:00:00,"Children in Home","Civic Intent score",59.9622211993956,"Children in home",127,,
2024-12-23 00:00:00,"Demographics","Civic Intent score",45.468525174485315,"Prefer not to answer",27,,
2024-12-23 00:00:00,"Demographics","Civic Intent score",53.04378334838904,"Under $25,000",59,,
2024-12-23 00:00:00,"Demographics","Civic Intent score",54.59215685998452,"Over $150,000",63,,
2024-12-23 00:00:00,"Demographics","Civic Intent score",56.19393682206817,"$25,000 to $49,999",63,,
2024-12-23 00:00:00,"Demographics","Civic Intent score",58.1875146885149,"$75,000 to $99,999",63,,
2024-12-23 00:00:00,"Demographics","Civic Intent score",59.618152390950755,"$50,000 to $74,999",60,,
2024-12-23 00:00:00,"Demographics","Civic Intent score",63.70710062907849,"$100,000 to $150,000",69,,
2024-12-23 00:00:00,"Ethnicity","Civic Intent score",47.31908205417755,"Asian",27,,
2024-12-23 00:00:00,"Ethnicity","Civic Intent score",56.88157902482206,"Caucasian/White",299,,
2024-12-23 00:00:00,"Ethnicity","Civic Intent score",56.95905896599009,"Indigenous/ Native/First Nation",11,,
2024-12-23 00:00:00,"Ethnicity","Civic Intent score",61.02886656344028,"Other",5,,
2024-12-23 00:00:00,"Ethnicity","Civic Intent score",62.3638856251761,"African American",57,,
2024-12-23 00:00:00,"Ethnicity","Civic Intent score",63.39159646427431,"Hispanic/Latino",30,,
2024-12-23 00:00:00,"Gender","Civic Intent score",56.325292859515386,"Male",195,,
2024-12-23 00:00:00,"Gender","Civic Intent score",57.42694897613604,"Female",206,,
2024-12-23 00:00:00,"Gender","Civic Intent score",70.09239381442019,"In another way",5,,
2024-12-23 00:00:00,"Giver Type","Civic Intent score",35.039434712733296,"Non-giver",146,,
2024-12-23 00:00:00,"Giver Type","Civic Intent score",70.26231228428345,"Gave to registered nonprofit",191,,
2024-12-23 00:00:00,"Giver Type","Civic Intent score",70.59938795448589,"Gave something else",117,,
2024-12-23 00:00:00,"Giver Type","Civic Intent score",71.19529700350398,"Gave money",164,,
2024-12-23 00:00:00,"Giver Type","Civic Intent score",71.2968518337977,"Gave items",172,,
2024-12-23 00:00:00,"Giver Type","Civic Intent score",72.39330837796993,"Gave to informal group",145,,
2024-12-23 00:00:00,"Giver Type","Civic Intent score",73.10339226020857,"Gave to individual",126,,
2024-12-23 00:00:00,"Giver Type","Civic Intent score",73.57214015027654,"Volunteered",97,,
2024-12-23 00:00:00,"Giver Type","Civic Intent score",74.13375179234265,"Advocated",80,,
2024-12-23 00:00:00,"State","Civic Intent score",37.07087988826815,"ND North Dakota",4,,
2024-12-23 00:00:00,"State","Civic Intent score",40.88094204434656,"MI Michigan",14,,
2024-12-23 00:00:00,"State","Civic Intent score",42.30377094972066,"NE Nebraska",4,,
2024-12-23 00:00:00,"State","Civic Intent score",43.11035896050435,"NV Nevada",9,,
2024-12-23 00:00:00,"State","Civic Intent score",45.54932007797489,"OR Oregon",9,,
2024-12-23 00:00:00,"State","Civic Intent score",47.453578943050076,"MO Missouri",9,,
2024-12-23 00:00:00,"State","Civic Intent score",48.911871166535136,"IN Indiana",5,,
2024-12-23 00:00:00,"State","Civic Intent score",49.862778314437136,"NY New York",29,,
2024-12-23 00:00:00,"State","Civic Intent score",50.33165921041111,"AR Arkansas",6,,
2024-12-23 00:00:00,"State","Civic Intent score",50.49441340782121,"NH New Hampshire",4,,
2024-12-23 00:00:00,"State","Civic Intent score",50.572943391312315,"MD Maryland",11,,
2024-12-23 00:00:00,"State","Civic Intent score",51.47101955307263,"KS Kansas",4,,
2024-12-23 00:00:00,"State","Civic Intent score",51.692049105667955,"PA Pennsylvania",17,,
2024-12-23 00:00:00,"State","Civic Intent score",52.956985814234564,"MS Mississippi",9,,
2024-12-23 00:00:00,"State","Civic Intent score",53.380105464996184,"FL Florida",37,,
2024-12-23 00:00:00,"State","Civic Intent score",55.01198152115935,"RI Rhode Island",6,,
2024-12-23 00:00:00,"State","Civic Intent score",55.102878957205625,"NC North Carolina",13,,
2024-12-23 00:00:00,"State","Civic Intent score",56.005402264150185,"VA Virginia",8,,
2024-12-23 00:00:00,"State","Civic Intent score",56.769727906193026,"WI Wisconsin",9,,
2024-12-23 00:00:00,"State","Civic Intent score",56.91104057114003,"CA California",43,,
2024-12-23 00:00:00,"State","Civic Intent score",57.8183939822307,"SC South Carolina",10,,
2024-12-23 00:00:00,"State","Civic Intent score",59.103413834328265,"WV West Virginia",5,,
2024-12-23 00:00:00,"State","Civic Intent score",59.29023216057469,"IL Illinois",19,,
2024-12-23 00:00:00,"State","Civic Intent score",59.479093765973545,"TN Tennessee",11,,
2024-12-23 00:00:00,"State","Civic Intent score",59.64648510279348,"AL Alabama",5,,
2024-12-23 00:00:00,"State","Civic Intent score",59.898421022683415,"MA Massachusetts",9,,
2024-12-23 00:00:00,"State","Civic Intent score",60.903082833885115,"KY Kentucky",6,,
2024-12-23 00:00:00,"State","Civic Intent score",60.96459523946045,"WA Washington",8,,
2024-12-23 00:00:00,"State","Civic Intent score",61.7149114800788,"TX Texas",19,,
2024-12-23 00:00:00,"State","Civic Intent score",62.49019043162584,"NJ New Jersey",7,,
2024-12-23 00:00:00,"State","Civic Intent score",62.97765076159889,"OH Ohio",19,,
2024-12-23 00:00:00,"State","Civic Intent score",64.6565185946731,"LA Louisiana",8,,
2024-12-23 00:00:00,"State","Civic Intent score",65.50954808239368,"AZ Arizona",13,,
2024-12-23 00:00:00,"State","Civic Intent score",68.60031553807806,"MN Minnesota",8,,
2024-12-23 00:00:00,"State","Civic Intent score",69.23882681564245,"AK Alaska",4,,
2024-12-23 00:00:00,"State","Civic Intent score",71.1068594794523,"GA Georgia",9,,
2024-12-23 00:00:00,"State","Civic Intent score",71.86178802922615,"CO Colorado",10,,
2024-12-23 00:00:00,"State","Civic Intent score",85.26536312849163,"DC District of Columbia",4,,
2024-12-30 00:00:00,"ACP Community Type","Civic Intent score",47.630346689662915,"Middle Suburbs",16,,
2024-12-30 00:00:00,"ACP Community Type","Civic Intent score",53.65307068900236,"Evangelical Hubs",9,,
2024-12-30 00:00:00,"ACP Community Type","Civic Intent score",53.69844547386656,"Exurbs",44,,
2024-12-30 00:00:00,"ACP Community Type","Civic Intent score",54.51190891594382,"Rural Middle America",23,,
2024-12-30 00:00:00,"ACP Community Type","Civic Intent score",57.6005607861616,"Working Class Country",11,,
2024-12-30 00:00:00,"ACP Community Type","Civic Intent score",58.015903379013864,"Big Cities",117,,
2024-12-30 00:00:00,"ACP Community Type","Civic Intent score",58.09573190305299,"College Towns",32,,
2024-12-30 00:00:00,"ACP Community Type","Civic Intent score",58.43901638183178,"Military Posts",10,,
2024-12-30 00:00:00,"ACP Community Type","Civic Intent score",59.555743171218026,"Urban Burbs",100,,
2024-12-30 00:00:00,"ACP Community Type","Civic Intent score",59.62193562882734,"African American South",14,,
2024-12-30 00:00:00,"ACP Community Type","Civic Intent score",59.8487631689691,"Hispanic Centers",11,,
2024-12-30 00:00:00,"ACP Community Type","Civic Intent score",60.920820880618656,"Graying America",16,,
2024-12-30 00:00:00,"ACP Community Type","Civic Intent score",66.205656424581,"Not available",4,,
2024-12-30 00:00:00,"Age","Civic Intent score",53.15475809108625,"35 to 49",103,,
2024-12-30 00:00:00,"Age","Civic Intent score",56.50411305084674,"50 to 64",104,,
2024-12-30 00:00:00,"Age","Civic Intent score",56.890025651100025,"65 to 85",87,,
2024-12-30 00:00:00,"Age","Civic Intent score",58.56154946127404,"30 to 34",38,,
2024-12-30 00:00:00,"Age","Civic Intent score",62.665034651234954,"25 to 29",25,,
2024-12-30 00:00:00,"Age","Civic Intent score",65.18155244875969,"18 to 24",48,,
2024-12-30 00:00:00,"All","Civic Intent score",57.52456634504398,"All",405,,
2024-12-30 00:00:00,"Children in Home","Civic Intent score",56.56711001567824,"No children in home",271,,
2024-12-30 00:00:00,"Children in Home","Civic Intent score",59.39725845370574,"Children in home",134,,
2024-12-30 00:00:00,"Demographics","Civic Intent score",42.9107395966008,"Prefer not to answer",25,,
2024-12-30 00:00:00,"Demographics","Civic Intent score",54.80092786329752,"$25,000 to $49,999",61,,
2024-12-30 00:00:00,"Demographics","Civic Intent score",54.813642453526086,"Under $25,000",55,,
2024-12-30 00:00:00,"Demographics","Civic Intent score",57.61283173182957,"$75,000 to $99,999",63,,
2024-12-30 00:00:00,"Demographics","Civic Intent score",59.18568706881195,"Over $150,000",71,,
2024-12-30 00:00:00,"Demographics","Civic Intent score",61.328829463654365,"$50,000 to $74,999",66,,
2024-12-30 00:00:00,"Demographics","Civic Intent score",62.59062236347091,"$100,000 to $150,000",64,,
2024-12-30 00:00:00,"Ethnicity","Civic Intent score",39.7429805993118,"Prefer not to answer",7,,
2024-12-30 00:00:00,"Ethnicity","Civic Intent score",48.58007548592772,"Asian",27,,
2024-12-30 00:00:00,"Ethnicity","Civic Intent score",57.35425056623702,"Caucasian/White",310,,
2024-12-30 00:00:00,"Ethnicity","Civic Intent score",57.9052722702055,"Indigenous/ Native/First Nation",12,,
2024-12-30 00:00:00,"Ethnicity","Civic Intent score",61.555798931520776,"Hispanic/Latino",32,,
2024-12-30 00:00:00,"Ethnicity","Civic Intent score",61.77611803914041,"African American",47,,
2024-12-30 00:00:00,"Gender","Civic Intent score",57.54654069460286,"Male",198,,
2024-12-30 00:00:00,"Gender","Civic Intent score",57.68829542115544,"Female",204,,
2024-12-30 00:00:00,"Giver Type","Civic Intent score",36.79698062357463,"Non-giver",151,,
2024-12-30 00:00:00,"Giver Type","Civic Intent score",70.81195653245679,"Gave to registered nonprofit",193,,
2024-12-30 00:00:00,"Giver Type","Civic Intent score",71.46616618693501,"Gave money",167,,
2024-12-30 00:00:00,"Giver Type","Civic Intent score",71.66498851736324,"Gave something else",112,,
2024-12-30 00:00:00,"Giver Type","Civic Intent score",71.98005127903922,"Gave items",170,,
2024-12-30 00:00:00,"Giver Type","Civic Intent score",73.05716480532537,"Gave to informal group",144,,
2024-12-30 00:00:00,"Giver Type","Civic Intent score",73.44848994410164,"Gave to individual",125,,
2024-12-30 00:00:00,"Giver Type","Civic Intent score",73.70468136730251,"Volunteered",90,,
2024-12-30 00:00:00,"Giver Type","Civic Intent score",75.57589572293989,"Advocated",82,,
2024-12-30 00:00:00,"State","Civic Intent score",46.05896306841659,"OR Oregon",10,,
2024-12-30 00:00:00,"State","Civic Intent score",47.56909849494867,"MI Michigan",18,,
2024-12-30 00:00:00,"State","Civic Intent score",50.034916201117305,"SD South Dakota",4,,
2024-12-30 00:00:00,"State","Civic Intent score",50.846543160935134,"NY New York",27,,
2024-12-30 00:00:00,"State","Civic Intent score",51.2162937914785,"RI Rhode Island",7,,
2024-12-30 00:00:00,"State","Civic Intent score",52.13786421321781,"AR Arkansas",5,,
2024-12-30 00:00:00,"State","Civic Intent score",52.80885097950517,"VA Virginia",11,,
2024-12-30 00:00:00,"State","Civic Intent score",52.91373810271415,"PA Pennsylvania",19,,
2024-12-30 00:00:00,"State","Civic Intent score",53.41433944929843,"FL Florida",36,,
2024-12-30 00:00:00,"State","Civic Intent score",53.42122987964825,"IN Indiana",7,,
2024-12-30 00:00:00,"State","Civic Intent score",54.01683928731642,"MO Missouri",6,,
2024-12-30 00:00:00,"State","Civic Intent score",54.40922428611497,"SC South Carolina",11,,
2024-12-30 00:00:00,"State","Civic Intent score",55.565756423400025,"WI Wisconsin",10,,
2024-12-30 00:00:00,"State","Civic Intent score",56.34298993501874,"TN Tennessee",15,,
2024-12-30 00:00:00,"State","Civic Intent score",56.65454250816498,"NC North Carolina",12,,
2024-12-30 00:00:00,"State","Civic Intent score",57.19751907644279,"CA California",44,,
2024-12-30 00:00:00,"State","Civic Intent score",57.51416048448623,"IL Illinois",14,,
2024-12-30 00:00:00,"State","Civic Intent score",59.287735860774774,"MD Maryland",9,,
2024-12-30 00:00:00,"State","Civic Intent score",59.43061943185104,"LA Louisiana",7,,
2024-12-30 00:00:00,"State","Civic Intent score",60.76710278986584,"CT Connecticut",5,,
2024-12-30 00:00:00,"State","Civic Intent score",60.837325686387835,"WA Washington",8,,
2024-12-30 00:00:00,"State","Civic Intent score",61.595757620617974,"OH Ohio",16,,
2024-12-30 00:00:00,"State","Civic Intent score",62.56863394950452,"NJ New Jersey",9,,
2024-12-30 00:00:00,"State","Civic Intent score",64.56844530607437,"TX Texas",21,,
2024-12-30 00:00:00,"State","Civic Intent score",65.88463995809062,"MA Massachusetts",9,,
2024-12-30 00:00:00,"State","Civic Intent score",66.91515363128491,"ID Idaho",4,,
2024-12-30 00:00:00,"State","Civic Intent score",67.1327991967067,"AZ Arizona",16,,
2024-12-30 00:00:00,"State","Civic Intent score",67.81462891460323,"GA Georgia",8,,
2024-12-30 00:00:00,"State","Civic Intent score",68.75931351155475,"CO Colorado",9,,
2024-12-30 00:00:00,"State","Civic Intent score",68.85928770949721,"AL Alabama",4,,
2025-01-06 00:00:00,"ACP Community Type","Civic Intent score",47.780891786806606,"Middle Suburbs",16,,
2025-01-06 00:00:00,"ACP Community Type","Civic Intent score",48.72615482288616,"Evangelical Hubs",10,,
2025-01-06 00:00:00,"ACP Community Type","Civic Intent score",51.97477248113738,"Exurbs",41,,
2025-01-06 00:00:00,"ACP Community Type","Civic Intent score",52.41331878957478,"Rural Middle America",24,,
2025-01-06 00:00:00,"ACP Community Type","Civic Intent score",55.00877816192388,"Graying America",23,,
2025-01-06 00:00:00,"ACP Community Type","Civic Intent score",55.02740363625052,"Not available",6,,
2025-01-06 00:00:00,"ACP Community Type","Civic Intent score",55.434120328214,"Working Class Country",16,,
2025-01-06 00:00:00,"ACP Community Type","Civic Intent score",56.251320040543284,"Military Posts",8,,
2025-01-06 00:00:00,"ACP Community Type","Civic Intent score",56.905657167149286,"College Towns",27,,
2025-01-06 00:00:00,"ACP Community Type","Civic Intent score",58.76102063753684,"Urban Burbs",104,,
2025-01-06 00:00:00,"ACP Community Type","Civic Intent score",59.12992054187511,"Big Cities",111,,
2025-01-06 00:00:00,"ACP Community Type","Civic Intent score",60.2599551925678,"African American South",14,,
2025-01-06 00:00:00,"ACP Community Type","Civic Intent score",65.4806312112243,"Hispanic Centers",13,,
2025-01-06 00:00:00,"Age","Civic Intent score",53.88032772204414,"35 to 49",105,,
2025-01-06 00:00:00,"Age","Civic Intent score",55.74010897776441,"65 to 85",86,,
2025-01-06 00:00:00,"Age","Civic Intent score",56.07823381179127,"50 to 64",104,,
2025-01-06 00:00:00,"Age","Civic Intent score",57.62083375191076,"30 to 34",42,,
2025-01-06 00:00:00,"Age","Civic Intent score",60.780716494629644,"25 to 29",23,,
2025-01-06 00:00:00,"Age","Civic Intent score",62.65487593343942,"18 to 24",48,,
2025-01-06 00:00:00,"All","Civic Intent score",56.817698639560255,"All",408,,
2025-01-06 00:00:00,"Children in Home","Civic Intent score",55.51121827387849,"No children in home",277,,
2025-01-06 00:00:00,"Children in Home","Civic Intent score",59.51337946186481,"Children in home",131,,
2025-01-06 00:00:00,"Demographics","Civic Intent score",43.768455109242325,"Prefer not to answer",28,,
2025-01-06 00:00:00,"Demographics","Civic Intent score",51.76138153659757,"Under $25,000",60,,
2025-01-06 00:00:00,"Demographics","Civic Intent score",57.434885371065775,"$25,000 to $49,999",60,,
2025-01-06 00:00:00,"Demographics","Civic Intent score",58.30619113602236,"$50,000 to $74,999",69,,
2025-01-06 00:00:00,"Demographics","Civic Intent score",58.88545652340547,"$100,000 to $150,000",61,,
2025-01-06 00:00:00,"Demographics","Civic Intent score",59.183055609832,"$75,000 to $99,999",59,,
2025-01-06 00:00:00,"Demographics","Civic Intent score",60.7459950592965,"Over $150,000",71,,
2025-01-06 00:00:00,"Ethnicity","Civic Intent score",42.03589562304333,"Prefer not to answer",6,,
2025-01-06 00:00:00,"Ethnicity","Civic Intent score",48.76923119241387,"Asian",19,,
2025-01-06 00:00:00,"Ethnicity","Civic Intent score",56.197528073230345,"Caucasian/White",311,,
2025-01-06 00:00:00,"Ethnicity","Civic Intent score",56.79115706623357,"Other",5,,
2025-01-06 00:00:00,"Ethnicity","Civic Intent score",60.18928808965434,"Hispanic/Latino",33,,
2025-01-06 00:00:00,"Ethnicity","Civic Intent score",61.64527727031869,"African American",57,,
2025-01-06 00:00:00,"Ethnicity","Civic Intent score",62.63719578731861,"Indigenous/ Native/First Nation",9,,
2025-01-06 00:00:00,"Gender","Civic Intent score",33.50034916201117,"Prefer not to answer",4,,
2025-01-06 00:00:00,"Gender","Civic Intent score",55.51501869270794,"Female",202,,
2025-01-06 00:00:00,"Gender","Civic Intent score",58.26886360520886,"Male",202,,
2025-01-06 00:00:00,"Gender","Civic Intent score",65.82262569832402,"In another way",4,,
2025-01-06 00:00:00,"Giver Type","Civic Intent score",37.49079841016396,"Non-giver",158,,
2025-01-06 00:00:00,"Giver Type","Civic Intent score",69.75624177734365,"Gave something else",118,,
2025-01-06 00:00:00,"Giver Type","Civic Intent score",70.55621326121637,"Gave to registered nonprofit",189,,
2025-01-06 00:00:00,"Giver Type","Civic Intent score",71.11336724475558,"Gave money",161,,
2025-01-06 00:00:00,"Giver Type","Civic Intent score",71.74425997743367,"Gave items",164,,
2025-01-06 00:00:00,"Giver Type","Civic Intent score",72.27110319352245,"Gave to informal group",140,,
2025-01-06 00:00:00,"Giver Type","Civic Intent score",72.79623050662596,"Gave to individual",124,,
2025-01-06 00:00:00,"Giver Type","Civic Intent score",73.31261768372377,"Volunteered",95,,
2025-01-06 00:00:00,"Giver Type","Civic Intent score",74.43356230041395,"Advocated",83,,
2025-01-06 00:00:00,"State","Civic Intent score",41.870111731843565,"DE Delaware",4,,
2025-01-06 00:00:00,"State","Civic Intent score",45.2534113295584,"NV Nevada",10,,
2025-01-06 00:00:00,"State","Civic Intent score",45.729293177468186,"MI Michigan",18,,
2025-01-06 00:00:00,"State","Civic Intent score",46.53302457757535,"CT Connecticut",5,,
2025-01-06 00:00:00,"State","Civic Intent score",49.20701837566816,"LA Louisiana",6,,
2025-01-06 00:00:00,"State","Civic Intent score",49.8249115443832,"OR Oregon",9,,
2025-01-06 00:00:00,"State","Civic Intent score",50.050056908770856,"MO Missouri",10,,
2025-01-06 00:00:00,"State","Civic Intent score",50.7929469273743,"ND North Dakota",4,,
2025-01-06 00:00:00,"State","Civic Intent score",51.411631959639074,"NY New York",27,,
2025-01-06 00:00:00,"State","Civic Intent score",51.48944735388132,"WV West Virginia",5,,
2025-01-06 00:00:00,"State","Civic Intent score",52.461822288297924,"IL Illinois",16,,
2025-01-06 00:00:00,"State","Civic Intent score",52.60366849643017,"FL Florida",36,,
2025-01-06 00:00:00,"State","Civic Intent score",53.117961477923046,"WI Wisconsin",6,,
2025-01-06 00:00:00,"State","Civic Intent score",53.332616627907825,"IA Iowa",8,,
2025-01-06 00:00:00,"State","Civic Intent score",54.12837705331378,"NJ New Jersey",11,,
2025-01-06 00:00:00,"State","Civic Intent score",54.87318993632842,"VA Virginia",10,,
2025-01-06 00:00:00,"State","Civic Intent score",55.00522527408151,"PA Pennsylvania",19,,
2025-01-06 00:00:00,"State","Civic Intent score",56.31851805204019,"AL Alabama",5,,
2025-01-06 00:00:00,"State","Civic Intent score",56.592527641319144,"NC North Carolina",12,,
2025-01-06 00:00:00,"State","Civic Intent score",57.02278220182041,"SC South Carolina",14,,
2025-01-06 00:00:00,"State","Civic Intent score",59.79554093444377,"KY Kentucky",6,,
2025-01-06 00:00:00,"State","Civic Intent score",59.81535845543648,"MD Maryland",9,,
2025-01-06 00:00:00,"State","Civic Intent score",60.516121371428106,"NM New Mexico",5,,
2025-01-06 00:00:00,"State","Civic Intent score",60.801414045198975,"OH Ohio",16,,
2025-01-06 00:00:00,"State","Civic Intent score",61.47978705192618,"CA California",45,,
2025-01-06 00:00:00,"State","Civic Intent score",61.92800404576378,"IN Indiana",6,,
2025-01-06 00:00:00,"State","Civic Intent score",63.26435922168516,"CO Colorado",10,,
2025-01-06 00:00:00,"State","Civic Intent score",63.53364623638226,"MS Mississippi",7,,
2025-01-06 00:00:00,"State","Civic Intent score",65.03778057638982,"TX Texas",24,,
2025-01-06 00:00:00,"State","Civic Intent score",65.29329608938548,"VT Vermont",4,,
2025-01-06 00:00:00,"State","Civic Intent score",65.38187314664981,"AZ Arizona",15,,
2025-01-06 00:00:00,"State","Civic Intent score",67.39475643225938,"MN Minnesota",10,,
2025-01-06 00:00:00,"State","Civic Intent score",71.89143975246519,"GA Georgia",8,,
2025-01-13 00:00:00,"ACP Community Type","Civic Intent score",49.879495474220924,"Working Class Country",17,,
2025-01-13 00:00:00,"ACP Community Type","Civic Intent score",50.716896866444294,"Evangelical Hubs",10,,
2025-01-13 00:00:00,"ACP Community Type","Civic Intent score",51.386269045070556,"Middle Suburbs",14,,
2025-01-13 00:00:00,"ACP Community Type","Civic Intent score",52.77680683998933,"African American South",11,,
2025-01-13 00:00:00,"ACP Community Type","Civic Intent score",54.08269535005282,"Exurbs",47,,
2025-01-13 00:00:00,"ACP Community Type","Civic Intent score",54.83219592178501,"Graying America",22,,
2025-01-13 00:00:00,"ACP Community Type","Civic Intent score",55.40057441479272,"Military Posts",7,,
2025-01-13 00:00:00,"ACP Community Type","Civic Intent score",57.207012167685455,"College Towns",22,,
2025-01-13 00:00:00,"ACP Community Type","Civic Intent score",58.44926983265617,"Rural Middle America",29,,
2025-01-13 00:00:00,"ACP Community Type","Civic Intent score",58.612259819330525,"Urban Burbs",104,,
2025-01-13 00:00:00,"ACP Community Type","Civic Intent score",58.9278639251674,"Big Cities",107,,
2025-01-13 00:00:00,"ACP Community Type","Civic Intent score",68.21794023237268,"Hispanic Centers",14,,
2025-01-13 00:00:00,"Age","Civic Intent score",54.8574589699296,"50 to 64",102,,
2025-01-13 00:00:00,"Age","Civic Intent score",56.04635823131306,"35 to 49",103,,
2025-01-13 00:00:00,"Age","Civic Intent score",56.582503631183265,"65 to 85",89,,
2025-01-13 00:00:00,"Age","Civic Intent score",57.70015167270917,"30 to 34",42,,
2025-01-13 00:00:00,"Age","Civic Intent score",59.94800828367986,"25 to 29",23,,
2025-01-13 00:00:00,"Age","Civic Intent score",62.92146400047588,"18 to 24",48,,
2025-01-13 00:00:00,"All","Civic Intent score",57.19317268115379,"All",407,,
2025-01-13 00:00:00,"Children in Home","Civic Intent score",56.338123840242794,"No children in home",275,,
2025-01-13 00:00:00,"Children in Home","Civic Intent score",58.91994459860077,"Children in home",132,,
2025-01-13 00:00:00,"Demographics","Civic Intent score",44.68967913369896,"Prefer not to answer",27,,
2025-01-13 00:00:00,"Demographics","Civic Intent score",51.309777617855055,"Under $25,000",61,,
2025-01-13 00:00:00,"Demographics","Civic Intent score",57.58496558065228,"$25,000 to $49,999",61,,
2025-01-13 00:00:00,"Demographics","Civic Intent score",58.11501693538,"$50,000 to $74,999",72,,
2025-01-13 00:00:00,"Demographics","Civic Intent score",58.58567260142235,"$100,000 to $150,000",62,,
2025-01-13 00:00:00,"Demographics","Civic Intent score",60.10198185713606,"$75,000 to $99,999",55,,
2025-01-13 00:00:00,"Demographics","Civic Intent score",62.49853312908591,"Over $150,000",69,,
2025-01-13 00:00:00,"Ethnicity","Civic Intent score",34.914559951745844,"Prefer not to answer",7,,
2025-01-13 00:00:00,"Ethnicity","Civic Intent score",42.215491209653884,"Other",6,,
2025-01-13 00:00:00,"Ethnicity","Civic Intent score",50.93383216686633,"Asian",21,,
2025-01-13 00:00:00,"Ethnicity","Civic Intent score",56.99171275827461,"Caucasian/White",311,,
2025-01-13 00:00:00,"Ethnicity","Civic Intent score",59.99936644117291,"Hispanic/Latino",29,,
2025-01-13 00:00:00,"Ethnicity","Civic Intent score",61.75028113093114,"African American",54,,
2025-01-13 00:00:00,"Ethnicity","Civic Intent score",68.98988457607402,"Indigenous/ Native/First Nation",6,,
2025-01-13 00:00:00,"Gender","Civic Intent score",54.11247208385413,"Female",203,,
2025-01-13 00:00:00,"Gender","Civic Intent score",60.206640959185464,"Male",200,,
2025-01-13 00:00:00,"Gender","Civic Intent score",62.9842877094972,"In another way",4,,
2025-01-13 00:00:00,"Giver Type","Civic Intent score",39.33995998340022,"Non-giver",161,,
2025-01-13 00:00:00,"Giver Type","Civic Intent score",70.002903408924,"Gave something else",116,,
2025-01-13 00:00:00,"Giver Type","Civic Intent score",70.58594244119078,"Gave to registered nonprofit",178,,
2025-01-13 00:00:00,"Giver Type","Civic Intent score",70.98216226850035,"Gave money",150,,
2025-01-13 00:00:00,"Giver Type","Civic Intent score",71.41345675341108,"Gave items",154,,
2025-01-13 00:00:00,"Giver Type","Civic Intent score",71.62115332841863,"Gave to informal group",140,,
2025-01-13 00:00:00,"Giver Type","Civic Intent score",72.09255868797877,"Gave to individual",127,,
2025-01-13 00:00:00,"Giver Type","Civic Intent score",73.09139944556749,"Volunteered",91,,
2025-01-13 00:00:00,"Giver Type","Civic Intent score",75.13710646932323,"Advocated",82,,
2025-01-13 00:00:00,"State","Civic Intent score",28.85073122854097,"WV West Virginia",5,,
2025-01-13 00:00:00,"State","Civic Intent score",40.299059059816834,"LA Louisiana",5,,
2025-01-13 00:00:00,"State","Civic Intent score",47.693771992569744,"MO Missouri",10,,
2025-01-13 00:00:00,"State","Civic Intent score",48.8092465926484,"KY Kentucky",7,,
2025-01-13 00:00:00,"State","Civic Intent score",49.15528577333179,"MI Michigan",16,,
2025-01-13 00:00:00,"State","Civic Intent score",50.0775328706082,"CT Connecticut",7,,
2025-01-13 00:00:00,"State","Civic Intent score",51.99163251293794,"NJ New Jersey",11,,
2025-01-13 00:00:00,"State","Civic Intent score",52.52895288209437,"AL Alabama",7,,
2025-01-13 00:00:00,"State","Civic Intent score",53.365293205694265,"NY New York",24,,
2025-01-13 00:00:00,"State","Civic Intent score",53.868437742734564,"IN Indiana",9,,
2025-01-13 00:00:00,"State","Civic Intent score",54.278188134329696,"TN Tennessee",16,,
2025-01-13 00:00:00,"State","Civic Intent score",54.37729473912189,"NC North Carolina",10,,
2025-01-13 00:00:00,"State","Civic Intent score",54.82615988137636,"IL Illinois",15,,
2025-01-13 00:00:00,"State","Civic Intent score",54.83762975131638,"NM New Mexico",5,,
2025-01-13 00:00:00,"State","Civic Intent score",55.318263071536364,"FL Florida",35,,
2025-01-13 00:00:00,"State","Civic Intent score",55.379943094417456,"WA Washington",12,,
2025-01-13 00:00:00,"State","Civic Intent score",58.27967877094973,"KS Kansas",4,,
2025-01-13 00:00:00,"State","Civic Intent score",59.10304262053703,"PA Pennsylvania",20,,
2025-01-13 00:00:00,"State","Civic Intent score",59.1230738687286,"MD Maryland",11,,
2025-01-13 00:00:00,"State","Civic Intent score",59.875305868866846,"MA Massachusetts",7,,
2025-01-13 00:00:00,"State","Civic Intent score",60.247419388152466,"VA Virginia",10,,
2025-01-13 00:00:00,"State","Civic Intent score",61.46802127934663,"SC South Carolina",11,,
2025-01-13 00:00:00,"State","Civic Intent score",62.2222974675581,"TX Texas",26,,
2025-01-13 00:00:00,"State","Civic Intent score",62.24395446575212,"OR Oregon",5,,
2025-01-13 00:00:00,"State","Civic Intent score",62.38632950658521,"CA California",49,,
2025-01-13 00:00:00,"State","Civic Intent score",62.957982572092554,"GA Georgia",7,,
2025-01-13 00:00:00,"State","Civic Intent score",63.04078073296965,"OH Ohio",14,,
2025-01-13 00:00:00,"State","Civic Intent score",63.27925063079661,"CO Colorado",13,,
2025-01-13 00:00:00,"State","Civic Intent score",63.33712545525278,"MN Minnesota",13,,
2025-01-13 00:00:00,"State","Civic Intent score",68.03805211796413,"AZ Arizona",11,,
2025-01-13 00:00:00,"State","Civic Intent score",71.04434357541899,"AK Alaska",4,,
2025-01-20 00:00:00,"ACP Community Type","Civic Intent score",48.82856145251396,"Native American Lands",4,,
2025-01-20 00:00:00,"ACP Community Type","Civic Intent score",51.000661654483004,"Graying America",20,,
2025-01-20 00:00:00,"ACP Community Type","Civic Intent score",51.659843698735436,"Evangelical Hubs",10,,
2025-01-20 00:00:00,"ACP Community Type","Civic Intent score",54.11547527496006,"Exurbs",43,,
2025-01-20 00:00:00,"ACP Community Type","Civic Intent score",54.47322572444543,"Working Class Country",18,,
2025-01-20 00:00:00,"ACP Community Type","Civic Intent score",55.51672260458804,"Rural Middle America",25,,
2025-01-20 00:00:00,"ACP Community Type","Civic Intent score",56.48853631861793,"College Towns",27,,
2025-01-20 00:00:00,"ACP Community Type","Civic Intent score",57.235757468487414,"Middle Suburbs",16,,
2025-01-20 00:00:00,"ACP Community Type","Civic Intent score",57.24729763891838,"African American South",10,,
2025-01-20 00:00:00,"ACP Community Type","Civic Intent score",57.37182113997492,"Big Cities",109,,
2025-01-20 00:00:00,"ACP Community Type","Civic Intent score",59.68635039492216,"Military Posts",8,,
2025-01-20 00:00:00,"ACP Community Type","Civic Intent score",59.97753279637509,"Urban Burbs",104,,
2025-01-20 00:00:00,"ACP Community Type","Civic Intent score",69.86861780023621,"Hispanic Centers",14,,
2025-01-20 00:00:00,"Age","Civic Intent score",53.50767800177319,"25 to 29",20,,
2025-01-20 00:00:00,"Age","Civic Intent score",55.58603757201213,"50 to 64",100,,
2025-01-20 00:00:00,"Age","Civic Intent score",55.73725743752787,"65 to 85",89,,
2025-01-20 00:00:00,"Age","Civic Intent score",56.547400000226865,"30 to 34",49,,
2025-01-20 00:00:00,"Age","Civic Intent score",57.82898231404896,"35 to 49",104,,
2025-01-20 00:00:00,"Age","Civic Intent score",64.78650591817224,"18 to 24",47,,
2025-01-20 00:00:00,"All","Civic Intent score",57.2716545894008,"All",409,,
2025-01-20 00:00:00,"Children in Home","Civic Intent score",55.8849730324569,"No children in home",271,,
2025-01-20 00:00:00,"Children in Home","Civic Intent score",59.95076011456965,"Children in home",138,,
2025-01-20 00:00:00,"Demographics","Civic Intent score",48.19255823917959,"Prefer not to answer",26,,
2025-01-20 00:00:00,"Demographics","Civic Intent score",51.620476578461094,"Under $25,000",64,,
2025-01-20 00:00:00,"Demographics","Civic Intent score",53.40137407578763,"$25,000 to $49,999",68,,
2025-01-20 00:00:00,"Demographics","Civic Intent score",57.72092257094467,"$50,000 to $74,999",72,,
2025-01-20 00:00:00,"Demographics","Civic Intent score",59.975471931667315,"$100,000 to $150,000",59,,
2025-01-20 00:00:00,"Demographics","Civic Intent score",61.404954252242554,"$75,000 to $99,999",50,,
2025-01-20 00:00:00,"Demographics","Civic Intent score",64.06660159201488,"Over $150,000",70,,
2025-01-20 00:00:00,"Ethnicity","Civic Intent score",49.30114624122894,"Other",7,,
2025-01-20 00:00:00,"Ethnicity","Civic Intent score",49.9754215162234,"Asian",18,,
2025-01-20 00:00:00,"Ethnicity","Civic Intent score",55.18922278903823,"Hispanic/Latino",31,,
2025-01-20 00:00:00,"Ethnicity","Civic Intent score",55.46299763344253,"Indigenous/ Native/First Nation",7,,
2025-01-20 00:00:00,"Ethnicity","Civic Intent score",57.112352673775696,"Caucasian/White",312,,
2025-01-20 00:00:00,"Ethnicity","Civic Intent score",63.11909014888193,"African American",58,,
2025-01-20 00:00:00,"Ethnicity","Civic Intent score",67.43221394557914,"Eastern or Central European",5,,
2025-01-20 00:00:00,"Gender","Civic Intent score",54.28727936422498,"Female",203,,
2025-01-20 00:00:00,"Gender","Civic Intent score",60.29564172963842,"Male",203,,
2025-01-20 00:00:00,"Giver Type","Civic Intent score",39.019325263265166,"Non-giver",163,,
2025-01-20 00:00:00,"Giver Type","Civic Intent score",70.90428875251047,"Gave something else",125,,
2025-01-20 00:00:00,"Giver Type","Civic Intent score",71.57364395207588,"Gave to registered nonprofit",173,,
2025-01-20 00:00:00,"Giver Type","Civic Intent score",71.6698239614933,"Gave money",147,,
2025-01-20 00:00:00,"Giver Type","Civic Intent score",71.7201354836379,"Gave to informal group",136,,
2025-01-20 00:00:00,"Giver Type","Civic Intent score",71.77984024770517,"Gave items",152,,
2025-01-20 00:00:00,"Giver Type","Civic Intent score",72.29290400239417,"Gave to individual",127,,
2025-01-20 00:00:00,"Giver Type","Civic Intent score",73.86717666673124,"Volunteered",84,,
2025-01-20 00:00:00,"Giver Type","Civic Intent score",75.27398664818273,"Advocated",84,,
2025-01-20 00:00:00,"State","Civic Intent score",43.77974855964701,"OR Oregon",6,,
2025-01-20 00:00:00,"State","Civic Intent score",46.00863927932627,"KY Kentucky",7,,
2025-01-20 00:00:00,"State","Civic Intent score",46.31913407821228,"NE Nebraska",4,,
2025-01-20 00:00:00,"State","Civic Intent score",49.28142458100558,"SD South Dakota",4,,
2025-01-20 00:00:00,"State","Civic Intent score",51.00387746673385,"NC North Carolina",13,,
2025-01-20 00:00:00,"State","Civic Intent score",52.052795284634,"IN Indiana",9,,
2025-01-20 00:00:00,"State","Civic Intent score",52.922303082274404,"TN Tennessee",15,,
2025-01-20 00:00:00,"State","Civic Intent score",53.13669728327475,"AL Alabama",8,,
2025-01-20 00:00:00,"State","Civic Intent score",53.47547444217378,"NV Nevada",8,,
2025-01-20 00:00:00,"State","Civic Intent score",54.46870805987346,"NY New York",22,,
2025-01-20 00:00:00,"State","Civic Intent score",54.6366512788352,"NH New Hampshire",5,,
2025-01-20 00:00:00,"State","Civic Intent score",55.10213953048266,"CT Connecticut",7,,
2025-01-20 00:00:00,"State","Civic Intent score",55.6893957447811,"MA Massachusetts",6,,
2025-01-20 00:00:00,"State","Civic Intent score",55.95264873147428,"OK Oklahoma",6,,
2025-01-20 00:00:00,"State","Civic Intent score",55.965755356977134,"IL Illinois",17,,
2025-01-20 00:00:00,"State","Civic Intent score",56.33823724766049,"FL Florida",34,,
2025-01-20 00:00:00,"State","Civic Intent score",56.95516540515148,"WA Washington",12,,
2025-01-20 00:00:00,"State","Civic Intent score",56.966157648351654,"OH Ohio",14,,
2025-01-20 00:00:00,"State","Civic Intent score",57.67478707077262,"SC South Carolina",11,,
2025-01-20 00:00:00,"State","Civic Intent score",57.72655592739966,"MI Michigan",16,,
2025-01-20 00:00:00,"State","Civic Intent score",58.11822287617886,"NJ New Jersey",15,,
2025-01-20 00:00:00,"State","Civic Intent score",58.38998245796232,"PA Pennsylvania",18,,
2025-01-20 00:00:00,"State","Civic Intent score",59.02092759663649,"CA California",47,,
2025-01-20 00:00:00,"State","Civic Intent score",59.263811171308234,"MD Maryland",9,,
2025-01-20 00:00:00,"State","Civic Intent score",60.726603503684444,"WI Wisconsin",7,,
2025-01-20 00:00:00,"State","Civic Intent score",60.92423184357541,"VT Vermont",4,,
2025-01-20 00:00:00,"State","Civic Intent score",61.21660105845152,"TX Texas",24,,
2025-01-20 00:00:00,"State","Civic Intent score",62.4169293922643,"VA Virginia",11,,
2025-01-20 00:00:00,"State","Civic Intent score",62.94149824277479,"GA Georgia",9,,
2025-01-20 00:00:00,"State","Civic Intent score",64.11462858740028,"CO Colorado",15,,
2025-01-20 00:00:00,"State","Civic Intent score",65.6648455412983,"MN Minnesota",11,,
2025-01-20 00:00:00,"State","Civic Intent score",66.6212496188005,"AZ Arizona",15,,
2025-01-27 00:00:00,"ACP Community Type","Civic Intent score",44.19937150837988,"Aging Farmlands",4,,
2025-01-27 00:00:00,"ACP Community Type","Civic Intent score",47.354324602299016,"Evangelical Hubs",11,,
2025-01-27 00:00:00,"ACP Community Type","Civic Intent score",49.57744470683609,"Working Class Country",16,,
2025-01-27 00:00:00,"ACP Community Type","Civic Intent score",50.27423648143982,"Rural Middle America",26,,
2025-01-27 00:00:00,"ACP Community Type","Civic Intent score",52.389136494714116,"Graying America",24,,
2025-01-27 00:00:00,"ACP Community Type","Civic Intent score",53.317257023669974,"Middle Suburbs",16,,
2025-01-27 00:00:00,"ACP Community Type","Civic Intent score",54.21161834584682,"African American South",12,,
2025-01-27 00:00:00,"ACP Community Type","Civic Intent score",55.148201657758385,"Big Cities",114,,
2025-01-27 00:00:00,"ACP Community Type","Civic Intent score",55.83203865148867,"Exurbs",39,,
2025-01-27 00:00:00,"ACP Community Type","Civic Intent score",56.127668153281185,"College Towns",25,,
2025-01-27 00:00:00,"ACP Community Type","Civic Intent score",59.73903149751354,"Urban Burbs",100,,
2025-01-27 00:00:00,"ACP Community Type","Civic Intent score",61.92119338428398,"Hispanic Centers",14,,
2025-01-27 00:00:00,"ACP Community Type","Civic Intent score",62.95106913936278,"Military Posts",8,,
2025-01-27 00:00:00,"Age","Civic Intent score",49.30342044025103,"25 to 29",20,,
2025-01-27 00:00:00,"Age","Civic Intent score",53.85967228925149,"50 to 64",101,,
2025-01-27 00:00:00,"Age","Civic Intent score",54.652813381967796,"35 to 49",103,,
2025-01-27 00:00:00,"Age","Civic Intent score",55.262296899317924,"65 to 85",89,,
2025-01-27 00:00:00,"Age","Civic Intent score",57.4325649896247,"30 to 34",49,,
2025-01-27 00:00:00,"Age","Civic Intent score",63.599742511540626,"18 to 24",48,,
2025-01-27 00:00:00,"All","Civic Intent score",55.653295679118386,"All",410,,
2025-01-27 00:00:00,"Children in Home","Civic Intent score",54.36522040718824,"No children in home",282,,
2025-01-27 00:00:00,"Children in Home","Civic Intent score",58.438009697869354,"Children in home",128,,
2025-01-27 00:00:00,"Demographics","Civic Intent score",46.51387827712696,"Prefer not to answer",30,,
2025-01-27 00:00:00,"Demographics","Civic Intent score",48.65853009616134,"Under $25,000",66,,
2025-01-27 00:00:00,"Demographics","Civic Intent score",53.58048565657104,"$25,000 to $49,999",68,,
2025-01-27 00:00:00,"Demographics","Civic Intent score",56.11041861977875,"$50,000 to $74,999",68,,
2025-01-27 00:00:00,"Demographics","Civic Intent score",59.912225324862774,"$100,000 to $150,000",60,,
2025-01-27 00:00:00,"Demographics","Civic Intent score",60.59006935264529,"Over $150,000",65,,
2025-01-27 00:00:00,"Demographics","Civic Intent score",61.150165261852486,"$75,000 to $99,999",53,,
2025-01-27 00:00:00,"Ethnicity","Civic Intent score",39.71391182448734,"Prefer not to answer",7,,
2025-01-27 00:00:00,"Ethnicity","Civic Intent score",42.82457278928968,"Indigenous/ Native/First Nation",8,,
2025-01-27 00:00:00,"Ethnicity","Civic Intent score",44.85963749160225,"Other",6,,
2025-01-27 00:00:00,"Ethnicity","Civic Intent score",52.46305275459306,"Asian",15,,
2025-01-27 00:00:00,"Ethnicity","Civic Intent score",55.058943014393186,"Caucasian/White",309,,
2025-01-27 00:00:00,"Ethnicity","Civic Intent score",56.36677907143384,"Hispanic/Latino",29,,
2025-01-27 00:00:00,"Ethnicity","Civic Intent score",63.91903690682496,"African American",64,,
2025-01-27 00:00:00,"Gender","Civic Intent score",53.36935365820044,"Female",206,,
2025-01-27 00:00:00,"Gender","Civic Intent score",57.985598462587944,"Male",201,,
2025-01-27 00:00:00,"Giver Type","Civic Intent score",37.058137153039816,"Non-giver",163,,
2025-01-27 00:00:00,"Giver Type","Civic Intent score",69.31445676297143,"Gave something else",132,,
2025-01-27 00:00:00,"Giver Type","Civic Intent score",70.5182465057891,"Gave to informal group",136,,
2025-01-27 00:00:00,"Giver Type","Civic Intent score",70.69804843472319,"Gave to registered nonprofit",169,,
2025-01-27 00:00:00,"Giver Type","Civic Intent score",70.76553742339972,"Gave money",138,,
2025-01-27 00:00:00,"Giver Type","Civic Intent score",70.94065072304424,"Gave items",153,,
2025-01-27 00:00:00,"Giver Type","Civic Intent score",71.78496540844624,"Gave to individual",130,,
2025-01-27 00:00:00,"Giver Type","Civic Intent score",73.53911270237852,"Volunteered",84,,
2025-01-27 00:00:00,"Giver Type","Civic Intent score",73.80360270721907,"Advocated",78,,
2025-01-27 00:00:00,"State","Civic Intent score",35.66969273743016,"DE Delaware",4,,
2025-01-27 00:00:00,"State","Civic Intent score",35.833971452004654,"WV West Virginia",5,,
2025-01-27 00:00:00,"State","Civic Intent score",41.810769241150766,"AR Arkansas",5,,
2025-01-27 00:00:00,"State","Civic Intent score",44.61529829576217,"IN Indiana",9,,
2025-01-27 00:00:00,"State","Civic Intent score",45.75578617589738,"NM New Mexico",5,,
2025-01-27 00:00:00,"State","Civic Intent score",47.93283114526851,"NJ New Jersey",14,,
2025-01-27 00:00:00,"State","Civic Intent score",48.554818435754186,"HI Hawaii",4,,
2025-01-27 00:00:00,"State","Civic Intent score",48.67410107625991,"OR Oregon",7,,
2025-01-27 00:00:00,"State","Civic Intent score",51.2344313684543,"PA Pennsylvania",16,,
2025-01-27 00:00:00,"State","Civic Intent score",51.74405132217866,"MO Missouri",10,,
2025-01-27 00:00:00,"State","Civic Intent score",52.387640897742216,"LA Louisiana",6,,
2025-01-27 00:00:00,"State","Civic Intent score",52.78025806225218,"MI Michigan",15,,
2025-01-27 00:00:00,"State","Civic Intent score",54.15725767002176,"OK Oklahoma",6,,
2025-01-27 00:00:00,"State","Civic Intent score",54.467886114639995,"NY New York",23,,
2025-01-27 00:00:00,"State","Civic Intent score",54.86928525711627,"NC North Carolina",13,,
2025-01-27 00:00:00,"State","Civic Intent score",55.55525206041084,"CT Connecticut",7,,
2025-01-27 00:00:00,"State","Civic Intent score",55.883992503854955,"TX Texas",25,,
2025-01-27 00:00:00,"State","Civic Intent score",56.69880193352212,"CA California",40,,
2025-01-27 00:00:00,"State","Civic Intent score",56.81813102894216,"WA Washington",10,,
2025-01-27 00:00:00,"State","Civic Intent score",57.9913166223389,"MD Maryland",10,,
2025-01-27 00:00:00,"State","Civic Intent score",57.99389659318855,"OH Ohio",20,,
2025-01-27 00:00:00,"State","Civic Intent score",58.08891542689138,"MA Massachusetts",7,,
2025-01-27 00:00:00,"State","Civic Intent score",58.25983080170552,"NV Nevada",7,,
2025-01-27 00:00:00,"State","Civic Intent score",58.63509187527867,"SC South Carolina",9,,
2025-01-27 00:00:00,"State","Civic Intent score",59.27768200884439,"FL Florida",39,,
2025-01-27 00:00:00,"State","Civic Intent score",59.51485239275914,"TN Tennessee",15,,
2025-01-27 00:00:00,"State","Civic Intent score",60.26082402234636,"ID Idaho",4,,
2025-01-27 00:00:00,"State","Civic Intent score",60.799417319457866,"AZ Arizona",18,,
2025-01-27 00:00:00,"State","Civic Intent score",61.725272243194375,"RI Rhode Island",7,,
2025-01-27 00:00:00,"State","Civic Intent score",63.13163595304192,"MS Mississippi",6,,
2025-01-27 00:00:00,"State","Civic Intent score",64.21601717511494,"GA Georgia",9,,
2025-01-27 00:00:00,"State","Civic Intent score",64.44040009394811,"WI Wisconsin",11,,
2025-01-27 00:00:00,"State","Civic Intent score",65.485922563085,"CO Colorado",15,,
2025-01-27 00:00:00,"State","Civic Intent score",71.91270949720669,"DC District of Columbia",4,,
2025-02-03 00:00:00,"ACP Community Type","Civic Intent score",41.12532243801248,"Evangelical Hubs",10,,
2025-02-03 00:00:00,"ACP Community Type","Civic Intent score",48.31596728707527,"Working Class Country",12,,
2025-02-03 00:00:00,"ACP Community Type","Civic Intent score",50.74793254451263,"African American South",11,,
2025-02-03 00:00:00,"ACP Community Type","Civic Intent score",50.94938098014838,"Rural Middle America",23,,
2025-02-03 00:00:00,"ACP Community Type","Civic Intent score",53.428015492668806,"Big Cities",120,,
2025-02-03 00:00:00,"ACP Community Type","Civic Intent score",53.95643709430296,"Middle Suburbs",19,,
2025-02-03 00:00:00,"ACP Community Type","Civic Intent score",55.59590918466715,"Hispanic Centers",16,,
2025-02-03 00:00:00,"ACP Community Type","Civic Intent score",57.67951296689195,"College Towns",28,,
2025-02-03 00:00:00,"ACP Community Type","Civic Intent score",57.769297887540894,"Graying America",19,,
2025-02-03 00:00:00,"ACP Community Type","Civic Intent score",58.91117927324144,"Urban Burbs",95,,
2025-02-03 00:00:00,"ACP Community Type","Civic Intent score",60.27867469187091,"Military Posts",9,,
2025-02-03 00:00:00,"ACP Community Type","Civic Intent score",61.27741810904644,"Exurbs",40,,
2025-02-03 00:00:00,"ACP Community Type","Civic Intent score",61.628427844816635,"Not available",6,,
2025-02-03 00:00:00,"ACP Community Type","Civic Intent score",70.41159276885864,"LDS Enclaves",6,,
2025-02-03 00:00:00,"Age","Civic Intent score",46.29815844142985,"25 to 29",19,,
2025-02-03 00:00:00,"Age","Civic Intent score",53.5419276929122,"50 to 64",101,,
2025-02-03 00:00:00,"Age","Civic Intent score",55.16569128664982,"65 to 85",90,,
2025-02-03 00:00:00,"Age","Civic Intent score",55.384107141125725,"35 to 49",100,,
2025-02-03 00:00:00,"Age","Civic Intent score",57.963496659849376,"30 to 34",49,,
2025-02-03 00:00:00,"Age","Civic Intent score",63.60845261972083,"18 to 24",47,,
2025-02-03 00:00:00,"All","Civic Intent score",55.672873484968974,"All",406,,
2025-02-03 00:00:00,"Children in Home","Civic Intent score",54.11950400883859,"No children in home",274,,
2025-02-03 00:00:00,"Children in Home","Civic Intent score",58.79249464131867,"Children in home",132,,
2025-02-03 00:00:00,"Demographics","Civic Intent score",45.99332801724717,"Prefer not to answer",26,,
2025-02-03 00:00:00,"Demographics","Civic Intent score",49.255841906774,"Under $25,000",61,,
2025-02-03 00:00:00,"Demographics","Civic Intent score",50.117699891963504,"$25,000 to $49,999",69,,
2025-02-03 00:00:00,"Demographics","Civic Intent score",57.273598956688524,"$50,000 to $74,999",67,,
2025-02-03 00:00:00,"Demographics","Civic Intent score",60.489580528372855,"$100,000 to $150,000",62,,
2025-02-03 00:00:00,"Demographics","Civic Intent score",60.82283740421161,"Over $150,000",68,,
2025-02-03 00:00:00,"Demographics","Civic Intent score",61.11399076772675,"$75,000 to $99,999",53,,
2025-02-03 00:00:00,"Ethnicity","Civic Intent score",34.942644055257375,"Prefer not to answer",8,,
2025-02-03 00:00:00,"Ethnicity","Civic Intent score",51.25609471691694,"Other",7,,
2025-02-03 00:00:00,"Ethnicity","Civic Intent score",52.938547486033514,"Eastern or Central European",4,,
2025-02-03 00:00:00,"Ethnicity","Civic Intent score",55.22189312682274,"Hispanic/Latino",32,,
2025-02-03 00:00:00,"Ethnicity","Civic Intent score",55.35070469098282,"Caucasian/White",302,,
2025-02-03 00:00:00,"Ethnicity","Civic Intent score",56.54432513577247,"Asian",19,,
2025-02-03 00:00:00,"Ethnicity","Civic Intent score",62.91936367805969,"African American",61,,
2025-02-03 00:00:00,"Gender","Civic Intent score",53.77317704354156,"Female",206,,
2025-02-03 00:00:00,"Gender","Civic Intent score",57.62424717107455,"Male",199,,
2025-02-03 00:00:00,"Giver Type","Civic Intent score",35.64591658325091,"Non-giver",156,,
2025-02-03 00:00:00,"Giver Type","Civic Intent score",69.18927528726738,"Gave something else",128,,
2025-02-03 00:00:00,"Giver Type","Civic Intent score",70.37793815412209,"Gave to informal group",129,,
2025-02-03 00:00:00,"Giver Type","Civic Intent score",70.4026493984072,"Gave items",153,,
2025-02-03 00:00:00,"Giver Type","Civic Intent score",70.66881025163131,"Gave to registered nonprofit",174,,
2025-02-03 00:00:00,"Giver Type","Civic Intent score",70.9938558073469,"Gave money",151,,
2025-02-03 00:00:00,"Giver Type","Civic Intent score",71.049977506485,"Gave to individual",134,,
2025-02-03 00:00:00,"Giver Type","Civic Intent score",73.16806030514391,"Volunteered",79,,
2025-02-03 00:00:00,"Giver Type","Civic Intent score",73.4243432141252,"Advocated",73,,
2025-02-03 00:00:00,"State","Civic Intent score",40.126216000441865,"OR Oregon",7,,
2025-02-03 00:00:00,"State","Civic Intent score",43.01044603365202,"NE Nebraska",5,,
2025-02-03 00:00:00,"State","Civic Intent score",44.17004189944134,"HI Hawaii",4,,
2025-02-03 00:00:00,"State","Civic Intent score",49.06738826815642,"AR Arkansas",4,,
2025-02-03 00:00:00,"State","Civic Intent score",49.27727150275792,"PA Pennsylvania",15,,
2025-02-03 00:00:00,"State","Civic Intent score",50.30601629516715,"NJ New Jersey",12,,
2025-02-03 00:00:00,"State","Civic Intent score",50.70224428993073,"SC South Carolina",5,,
2025-02-03 00:00:00,"State","Civic Intent score",51.467126223940944,"NY New York",27,,
2025-02-03 00:00:00,"State","Civic Intent score",53.91315847834174,"CA California",35,,
2025-02-03 00:00:00,"State","Civic Intent score",54.76853307904414,"IL Illinois",20,,
2025-02-03 00:00:00,"State","Civic Intent score",55.384603443363886,"MD Maryland",16,,
2025-02-03 00:00:00,"State","Civic Intent score",55.61010173775502,"TN Tennessee",9,,
2025-02-03 00:00:00,"State","Civic Intent score",55.981429156813725,"TX Texas",27,,
2025-02-03 00:00:00,"State","Civic Intent score",56.00709030040374,"MA Massachusetts",6,,
2025-02-03 00:00:00,"State","Civic Intent score",57.12283812837447,"OH Ohio",22,,
2025-02-03 00:00:00,"State","Civic Intent score",57.21246318489293,"AL Alabama",10,,
2025-02-03 00:00:00,"State","Civic Intent score",58.879446231372036,"MI Michigan",14,,
2025-02-03 00:00:00,"State","Civic Intent score",58.88258355456552,"OK Oklahoma",6,,
2025-02-03 00:00:00,"State","Civic Intent score",58.903631284916194,"ID Idaho",4,,
2025-02-03 00:00:00,"State","Civic Intent score",59.20813047104095,"GA Georgia",8,,
2025-02-03 00:00:00,"State","Civic Intent score",59.67618505928301,"NV Nevada",7,,
2025-02-03 00:00:00,"State","Civic Intent score",59.77379480036117,"WI Wisconsin",12,,
2025-02-03 00:00:00,"State","Civic Intent score",59.81840765454749,"FL Florida",37,,
2025-02-03 00:00:00,"State","Civic Intent score",60.14175981754581,"WA Washington",14,,
2025-02-03 00:00:00,"State","Civic Intent score",62.379536186145394,"AZ Arizona",19,,
2025-02-03 00:00:00,"State","Civic Intent score",64.52967877094972,"SD South Dakota",4,,
2025-02-03 00:00:00,"State","Civic Intent score",67.05652496737777,"CO Colorado",12,,
2025-02-03 00:00:00,"State","Civic Intent score",70.68581434187814,"VA Virginia",10,,
2025-02-10 00:00:00,"ACP Community Type","Civic Intent score",35.501201466417676,"Evangelical Hubs",9,,
2025-02-10 00:00:00,"ACP Community Type","Civic Intent score",45.83048478801743,"Working Class Country",13,,
2025-02-10 00:00:00,"ACP Community Type","Civic Intent score",49.8149931699892,"African American South",9,,
2025-02-10 00:00:00,"ACP Community Type","Civic Intent score",50.28931510746327,"Rural Middle America",22,,
2025-02-10 00:00:00,"ACP Community Type","Civic Intent score",54.51341596498486,"Hispanic Centers",18,,
2025-02-10 00:00:00,"ACP Community Type","Civic Intent score",55.39370738991867,"Big Cities",125,,
2025-02-10 00:00:00,"ACP Community Type","Civic Intent score",55.51537555868514,"Middle Suburbs",21,,
2025-02-10 00:00:00,"ACP Community Type","Civic Intent score",56.96914416161271,"Urban Burbs",96,,
2025-02-10 00:00:00,"ACP Community Type","Civic Intent score",57.99314582299483,"Military Posts",9,,
2025-02-10 00:00:00,"ACP Community Type","Civic Intent score",58.97170100169585,"Exurbs",35,,
2025-02-10 00:00:00,"ACP Community Type","Civic Intent score",59.09359679918888,"Graying America",19,,
2025-02-10 00:00:00,"ACP Community Type","Civic Intent score",60.597390794066676,"College Towns",27,,
2025-02-10 00:00:00,"Age","Civic Intent score",54.14530367846953,"65 to 85",88,,
2025-02-10 00:00:00,"Age","Civic Intent score",54.34776393169132,"35 to 49",102,,
2025-02-10 00:00:00,"Age","Civic Intent score",54.86622498073077,"30 to 34",45,,
2025-02-10 00:00:00,"Age","Civic Intent score",55.04583543133047,"50 to 64",102,,
2025-02-10 00:00:00,"Age","Civic Intent score",56.96777318991998,"25 to 29",23,,
2025-02-10 00:00:00,"Age","Civic Intent score",62.111037635944356,"18 to 24",47,,
2025-02-10 00:00:00,"All","Civic Intent score",55.58209748362141,"All",407,,
2025-02-10 00:00:00,"Children in Home","Civic Intent score",54.16893936280831,"No children in home",284,,
2025-02-10 00:00:00,"Children in Home","Civic Intent score",58.766197440210455,"Children in home",123,,
2025-02-10 00:00:00,"Demographics","Civic Intent score",43.431483059190064,"Prefer not to answer",21,,
2025-02-10 00:00:00,"Demographics","Civic Intent score",48.0863783665607,"Under $25,000",57,,
2025-02-10 00:00:00,"Demographics","Civic Intent score",49.201487376707185,"$25,000 to $49,999",64,,
2025-02-10 00:00:00,"Demographics","Civic Intent score",57.33020386675077,"$50,000 to $74,999",70,,
2025-02-10 00:00:00,"Demographics","Civic Intent score",60.341063090646436,"$100,000 to $150,000",63,,
2025-02-10 00:00:00,"Demographics","Civic Intent score",60.79938057646164,"Over $150,000",75,,
2025-02-10 00:00:00,"Demographics","Civic Intent score",61.017798547783855,"$75,000 to $99,999",57,,
2025-02-10 00:00:00,"Ethnicity","Civic Intent score",38.35972323231593,"Prefer not to answer",13,,
2025-02-10 00:00:00,"Ethnicity","Civic Intent score",54.204793672657715,"Asian",13,,
2025-02-10 00:00:00,"Ethnicity","Civic Intent score",54.857053812047404,"Caucasian/White",303,,
2025-02-10 00:00:00,"Ethnicity","Civic Intent score",55.64087689808355,"Hispanic/Latino",35,,
2025-02-10 00:00:00,"Ethnicity","Civic Intent score",60.04120111731843,"Eastern or Central European",4,,
2025-02-10 00:00:00,"Ethnicity","Civic Intent score",63.96080298098751,"African American",61,,
2025-02-10 00:00:00,"Gender","Civic Intent score",54.40483364460578,"Female",205,,
2025-02-10 00:00:00,"Gender","Civic Intent score",56.79471080167528,"Male",202,,
2025-02-10 00:00:00,"Giver Type","Civic Intent score",35.38426213607136,"Non-giver",160,,
2025-02-10 00:00:00,"Giver Type","Civic Intent score",69.54063572382361,"Gave something else",130,,
2025-02-10 00:00:00,"Giver Type","Civic Intent score",70.71153529816405,"Gave items",155,,
2025-02-10 00:00:00,"Giver Type","Civic Intent score",70.79592581992766,"Gave to informal group",124,,
2025-02-10 00:00:00,"Giver Type","Civic Intent score",71.32772949597725,"Gave to registered nonprofit",180,,
2025-02-10 00:00:00,"Giver Type","Civic Intent score",71.7523527314081,"Gave money",155,,
2025-02-10 00:00:00,"Giver Type","Civic Intent score",71.85722784825705,"Gave to individual",133,,
2025-02-10 00:00:00,"Giver Type","Civic Intent score",73.98703473894066,"Advocated",77,,
2025-02-10 00:00:00,"Giver Type","Civic Intent score",74.34080974562342,"Volunteered",85,,
2025-02-10 00:00:00,"State","Civic Intent score",32.14318932909963,"WV West Virginia",5,,
2025-02-10 00:00:00,"State","Civic Intent score",37.184875218318965,"OR Oregon",7,,
2025-02-10 00:00:00,"State","Civic Intent score",39.99534174703467,"IN Indiana",9,,
2025-02-10 00:00:00,"State","Civic Intent score",46.35361134636538,"KY Kentucky",7,,
2025-02-10 00:00:00,"State","Civic Intent score",48.227143393430616,"PA Pennsylvania",12,,
2025-02-10 00:00:00,"State","Civic Intent score",49.21635593046567,"MA Massachusetts",9,,
2025-02-10 00:00:00,"State","Civic Intent score",50.180167597765355,"ND North Dakota",4,,
2025-02-10 00:00:00,"State","Civic Intent score",51.122741949805864,"MO Missouri",8,,
2025-02-10 00:00:00,"State","Civic Intent score",52.02848048363862,"NC North Carolina",18,,
2025-02-10 00:00:00,"State","Civic Intent score",52.07949796729573,"NY New York",27,,
2025-02-10 00:00:00,"State","Civic Intent score",52.563930634087065,"NJ New Jersey",12,,
2025-02-10 00:00:00,"State","Civic Intent score",54.507513283719696,"CA California",39,,
2025-02-10 00:00:00,"State","Civic Intent score",54.66261148752642,"OK Oklahoma",6,,
2025-02-10 00:00:00,"State","Civic Intent score",55.14934745887607,"FL Florida",40,,
2025-02-10 00:00:00,"State","Civic Intent score",55.23863874795587,"TN Tennessee",8,,
2025-02-10 00:00:00,"State","Civic Intent score",55.46706371244595,"CT Connecticut",7,,
2025-02-10 00:00:00,"State","Civic Intent score",55.46998669680918,"GA Georgia",11,,
2025-02-10 00:00:00,"State","Civic Intent score",55.683909720802866,"NE Nebraska",5,,
2025-02-10 00:00:00,"State","Civic Intent score",56.76765686542738,"NH New Hampshire",5,,
2025-02-10 00:00:00,"State","Civic Intent score",56.76923367124915,"AL Alabama",9,,
2025-02-10 00:00:00,"State","Civic Intent score",56.83352249866573,"MD Maryland",13,,
2025-02-10 00:00:00,"State","Civic Intent score",56.880903318848034,"TX Texas",30,,
2025-02-10 00:00:00,"State","Civic Intent score",57.34862915767203,"OH Ohio",19,,
2025-02-10 00:00:00,"State","Civic Intent score",57.55754712810792,"WI Wisconsin",12,,
2025-02-10 00:00:00,"State","Civic Intent score",59.10508821985711,"MN Minnesota",10,,
2025-02-10 00:00:00,"State","Civic Intent score",59.94166301970327,"IL Illinois",25,,
2025-02-10 00:00:00,"State","Civic Intent score",60.924231843575406,"DC District of Columbia",4,,
2025-02-10 00:00:00,"State","Civic Intent score",61.03328448043627,"MI Michigan",18,,
2025-02-10 00:00:00,"State","Civic Intent score",61.427298663009296,"AZ Arizona",20,,
2025-02-10 00:00:00,"State","Civic Intent score",61.71159217877095,"KS Kansas",4,,
2025-02-10 00:00:00,"State","Civic Intent score",61.884722425274276,"NV Nevada",6,,
2025-02-10 00:00:00,"State","Civic Intent score",66.80464552938247,"WA Washington",11,,
2025-02-10 00:00:00,"State","Civic Intent score",69.2351160178558,"VA Virginia",10,,
2025-02-10 00:00:00,"State","Civic Intent score",70.52359717121536,"CO Colorado",10,,
2025-02-17 00:00:00,"ACP Community Type","Civic Intent score",29.253314783014257,"Evangelical Hubs",9,,
2025-02-17 00:00:00,"ACP Community Type","Civic Intent score",40.48951373704615,"Working Class Country",13,,
2025-02-17 00:00:00,"ACP Community Type","Civic Intent score",51.749112622229006,"Rural Middle America",23,,
2025-02-17 00:00:00,"ACP Community Type","Civic Intent score",52.307361550719186,"Hispanic Centers",16,,
2025-02-17 00:00:00,"ACP Community Type","Civic Intent score",53.493984449765875,"Middle Suburbs",17,,
2025-02-17 00:00:00,"ACP Community Type","Civic Intent score",54.9823572306641,"Urban Burbs",96,,
2025-02-17 00:00:00,"ACP Community Type","Civic Intent score",55.24053671649192,"African American South",11,,
2025-02-17 00:00:00,"ACP Community Type","Civic Intent score",56.40794257373243,"Big Cities",118,,
2025-02-17 00:00:00,"ACP Community Type","Civic Intent score",57.3455271382918,"Graying America",20,,
2025-02-17 00:00:00,"ACP Community Type","Civic Intent score",57.35866968974299,"Exurbs",42,,
2025-02-17 00:00:00,"ACP Community Type","Civic Intent score",57.7441067288482,"Military Posts",10,,
2025-02-17 00:00:00,"ACP Community Type","Civic Intent score",61.161871763553926,"College Towns",27,,
2025-02-17 00:00:00,"Age","Civic Intent score",53.18628373778819,"50 to 64",103,,
2025-02-17 00:00:00,"Age","Civic Intent score",54.34020017345083,"30 to 34",40,,
2025-02-17 00:00:00,"Age","Civic Intent score",54.48409667126978,"65 to 85",88,,
2025-02-17 00:00:00,"Age","Civic Intent score",54.52250224283324,"35 to 49",98,,
2025-02-17 00:00:00,"Age","Civic Intent score",58.913029172524666,"25 to 29",28,,
2025-02-17 00:00:00,"Age","Civic Intent score",59.136953683198506,"18 to 24",48,,
2025-02-17 00:00:00,"All","Civic Intent score",55.01172186238033,"All",405,,
2025-02-17 00:00:00,"Children in Home","Civic Intent score",52.82242874360648,"No children in home",283,,
2025-02-17 00:00:00,"Children in Home","Civic Intent score",59.91315754008631,"Children in home",122,,
2025-02-17 00:00:00,"Demographics","Civic Intent score",37.58741621211854,"Prefer not to answer",26,,
2025-02-17 00:00:00,"Demographics","Civic Intent score",47.632002115983965,"Under $25,000",55,,
2025-02-17 00:00:00,"Demographics","Civic Intent score",51.56389559082321,"$25,000 to $49,999",60,,
2025-02-17 00:00:00,"Demographics","Civic Intent score",58.1526025182402,"$50,000 to $74,999",72,,
2025-02-17 00:00:00,"Demographics","Civic Intent score",58.84862588471357,"$100,000 to $150,000",71,,
2025-02-17 00:00:00,"Demographics","Civic Intent score",58.857946920968104,"Over $150,000",68,,
2025-02-17 00:00:00,"Demographics","Civic Intent score",61.01663462467998,"$75,000 to $99,999",53,,
2025-02-17 00:00:00,"Ethnicity","Civic Intent score",40.75968787482872,"Indigenous/ Native/First Nation",9,,
2025-02-17 00:00:00,"Ethnicity","Civic Intent score",41.58056460530221,"Prefer not to answer",13,,
2025-02-17 00:00:00,"Ethnicity","Civic Intent score",52.160098572241694,"Other",7,,
2025-02-17 00:00:00,"Ethnicity","Civic Intent score",54.275242242204094,"Caucasian/White",300,,
2025-02-17 00:00:00,"Ethnicity","Civic Intent score",55.8407798564876,"Asian",20,,
2025-02-17 00:00:00,"Ethnicity","Civic Intent score",57.92030374906998,"Eastern or Central European",5,,
2025-02-17 00:00:00,"Ethnicity","Civic Intent score",58.88080660837038,"Hispanic/Latino",30,,
2025-02-17 00:00:00,"Ethnicity","Civic Intent score",61.93880477293777,"African American",57,,
2025-02-17 00:00:00,"Gender","Civic Intent score",54.45405066380047,"Female",203,,
2025-02-17 00:00:00,"Gender","Civic Intent score",55.57186484464575,"Male",202,,
2025-02-17 00:00:00,"Giver Type","Civic Intent score",34.68122938728284,"Non-giver",163,,
2025-02-17 00:00:00,"Giver Type","Civic Intent score",70.19662693459189,"Gave items",157,,
2025-02-17 00:00:00,"Giver Type","Civic Intent score",70.32311909515583,"Gave something else",122,,
2025-02-17 00:00:00,"Giver Type","Civic Intent score",70.8138718214092,"Gave to informal group",130,,
2025-02-17 00:00:00,"Giver Type","Civic Intent score",71.10112227227621,"Gave to registered nonprofit",178,,
2025-02-17 00:00:00,"Giver Type","Civic Intent score",71.77506627416423,"Gave to individual",134,,
2025-02-17 00:00:00,"Giver Type","Civic Intent score",72.0703306082277,"Gave money",151,,
2025-02-17 00:00:00,"Giver Type","Civic Intent score",74.16422477131293,"Volunteered",89,,
2025-02-17 00:00:00,"Giver Type","Civic Intent score",74.39356541873734,"Advocated",79,,
2025-02-17 00:00:00,"State","Civic Intent score",39.596657697751965,"SC South Carolina",5,,
2025-02-17 00:00:00,"State","Civic Intent score",41.13730630363422,"CT Connecticut",5,,
2025-02-17 00:00:00,"State","Civic Intent score",42.72276536312848,"NM New Mexico",4,,
2025-02-17 00:00:00,"State","Civic Intent score",44.3073730875957,"IN Indiana",6,,
2025-02-17 00:00:00,"State","Civic Intent score",45.57674304770579,"NJ New Jersey",8,,
2025-02-17 00:00:00,"State","Civic Intent score",48.55565185000948,"NC North Carolina",20,,
2025-02-17 00:00:00,"State","Civic Intent score",49.60376445086601,"PA Pennsylvania",11,,
2025-02-17 00:00:00,"State","Civic Intent score",50.74979403767449,"FL Florida",36,,
2025-02-17 00:00:00,"State","Civic Intent score",51.2386875092084,"MA Massachusetts",11,,
2025-02-17 00:00:00,"State","Civic Intent score",51.88413193119872,"GA Georgia",13,,
2025-02-17 00:00:00,"State","Civic Intent score",51.98473285020797,"WI Wisconsin",13,,
2025-02-17 00:00:00,"State","Civic Intent score",53.5044817410482,"OH Ohio",17,,
2025-02-17 00:00:00,"State","Civic Intent score",53.78597497329132,"TN Tennessee",7,,
2025-02-17 00:00:00,"State","Civic Intent score",54.7919518150287,"NY New York",31,,
2025-02-17 00:00:00,"State","Civic Intent score",55.12690831661816,"RI Rhode Island",7,,
2025-02-17 00:00:00,"State","Civic Intent score",55.41410991720302,"TX Texas",37,,
2025-02-17 00:00:00,"State","Civic Intent score",55.946631413514034,"NH New Hampshire",6,,
2025-02-17 00:00:00,"State","Civic Intent score",56.15767706711147,"IL Illinois",26,,
2025-02-17 00:00:00,"State","Civic Intent score",57.48291974430361,"CA California",43,,
2025-02-17 00:00:00,"State","Civic Intent score",58.47682283725114,"MI Michigan",16,,
2025-02-17 00:00:00,"State","Civic Intent score",58.48770652955846,"MN Minnesota",8,,
2025-02-17 00:00:00,"State","Civic Intent score",59.42093462524597,"AL Alabama",8,,
2025-02-17 00:00:00,"State","Civic Intent score",60.0902537903727,"MD Maryland",14,,
2025-02-17 00:00:00,"State","Civic Intent score",60.47486033519552,"KS Kansas",4,,
2025-02-17 00:00:00,"State","Civic Intent score",60.99172492514725,"AZ Arizona",17,,
2025-02-17 00:00:00,"State","Civic Intent score",62.0663407821229,"DC District of Columbia",4,,
2025-02-17 00:00:00,"State","Civic Intent score",63.37720581018834,"NE Nebraska",5,,
2025-02-17 00:00:00,"State","Civic Intent score",64.23579608534065,"WA Washington",13,,
2025-02-17 00:00:00,"State","Civic Intent score",66.06380780350328,"VA Virginia",11,,
2025-02-17 00:00:00,"State","Civic Intent score",69.77901858679871,"CO Colorado",9,,
2025-02-24 00:00:00,"ACP Community Type","Civic Intent score",36.73502970650742,"Evangelical Hubs",10,,
2025-02-24 00:00:00,"ACP Community Type","Civic Intent score",53.677673720275045,"Hispanic Centers",16,,
2025-02-24 00:00:00,"ACP Community Type","Civic Intent score",55.51979706508881,"Exurbs",41,,
2025-02-24 00:00:00,"ACP Community Type","Civic Intent score",55.536346461489,"Middle Suburbs",16,,
2025-02-24 00:00:00,"ACP Community Type","Civic Intent score",55.67705221736756,"Urban Burbs",95,,
2025-02-24 00:00:00,"ACP Community Type","Civic Intent score",57.00775114561841,"Big Cities",116,,
2025-02-24 00:00:00,"ACP Community Type","Civic Intent score",57.479694926272465,"African American South",12,,
2025-02-24 00:00:00,"ACP Community Type","Civic Intent score",58.06164495817124,"Graying America",20,,
2025-02-24 00:00:00,"ACP Community Type","Civic Intent score",60.403011295052956,"Rural Middle America",28,,
2025-02-24 00:00:00,"ACP Community Type","Civic Intent score",60.77123253475376,"Military Posts",9,,
2025-02-24 00:00:00,"ACP Community Type","Civic Intent score",63.19481259116925,"College Towns",28,,
2025-02-24 00:00:00,"ACP Community Type","Civic Intent score",70.31173243366311,"LDS Enclaves",6,,
2025-02-24 00:00:00,"Age","Civic Intent score",54.16852843074908,"50 to 64",103,,
2025-02-24 00:00:00,"Age","Civic Intent score",54.818210132515034,"65 to 85",87,,
2025-02-24 00:00:00,"Age","Civic Intent score",55.84919767160199,"30 to 34",41,,
2025-02-24 00:00:00,"Age","Civic Intent score",57.77312639740055,"35 to 49",99,,
2025-02-24 00:00:00,"Age","Civic Intent score",58.64391815308507,"18 to 24",46,,
2025-02-24 00:00:00,"Age","Civic Intent score",60.77911015545195,"25 to 29",28,,
2025-02-24 00:00:00,"All","Civic Intent score",56.413009566425515,"All",404,,
2025-02-24 00:00:00,"Children in Home","Civic Intent score",53.694399875366976,"No children in home",277,,
2025-02-24 00:00:00,"Children in Home","Civic Intent score",62.16476633929136,"Children in home",127,,
2025-02-24 00:00:00,"Demographics","Civic Intent score",44.759632904350816,"Prefer not to answer",28,,
2025-02-24 00:00:00,"Demographics","Civic Intent score",51.93298762647763,"Under $25,000",47,,
2025-02-24 00:00:00,"Demographics","Civic Intent score",52.95366858329666,"$25,000 to $49,999",58,,
2025-02-24 00:00:00,"Demographics","Civic Intent score",58.70870790042323,"$100,000 to $150,000",74,,
2025-02-24 00:00:00,"Demographics","Civic Intent score",58.99925918028279,"Over $150,000",70,,
2025-02-24 00:00:00,"Demographics","Civic Intent score",59.132705016955065,"$50,000 to $74,999",75,,
2025-02-24 00:00:00,"Demographics","Civic Intent score",59.971832744935355,"$75,000 to $99,999",52,,
2025-02-24 00:00:00,"Ethnicity","Civic Intent score",42.18164026816513,"Indigenous/ Native/First Nation",8,,
2025-02-24 00:00:00,"Ethnicity","Civic Intent score",51.11125006781133,"Other",7,,
2025-02-24 00:00:00,"Ethnicity","Civic Intent score",51.42812497812025,"Eastern or Central European",5,,
2025-02-24 00:00:00,"Ethnicity","Civic Intent score",54.49916631969853,"Asian",21,,
2025-02-24 00:00:00,"Ethnicity","Civic Intent score",56.288704850534224,"Caucasian/White",308,,
2025-02-24 00:00:00,"Ethnicity","Civic Intent score",59.5692040387017,"Hispanic/Latino",34,,
2025-02-24 00:00:00,"Ethnicity","Civic Intent score",60.73973641473251,"African American",49,,
2025-02-24 00:00:00,"Gender","Civic Intent score",55.349891070171125,"Female",202,,
2025-02-24 00:00:00,"Gender","Civic Intent score",57.47700236335051,"Male",202,,
2025-02-24 00:00:00,"Giver Type","Civic Intent score",35.06975602118238,"Non-giver",151,,
2025-02-24 00:00:00,"Giver Type","Civic Intent score",70.34700243373197,"Gave something else",124,,
2025-02-24 00:00:00,"Giver Type","Civic Intent score",70.46809826239593,"Gave items",163,,
2025-02-24 00:00:00,"Giver Type","Civic Intent score",71.02797975269561,"Gave to informal group",129,,
2025-02-24 00:00:00,"Giver Type","Civic Intent score",71.1566812830907,"Gave to registered nonprofit",193,,
2025-02-24 00:00:00,"Giver Type","Civic Intent score",72.13114902193753,"Gave to individual",139,,
2025-02-24 00:00:00,"Giver Type","Civic Intent score",72.21404313906484,"Gave money",160,,
2025-02-24 00:00:00,"Giver Type","Civic Intent score",74.01885035410446,"Volunteered",99,,
2025-02-24 00:00:00,"Giver Type","Civic Intent score",74.32846516435373,"Advocated",84,,
2025-02-24 00:00:00,"State","Civic Intent score",34.19849659166945,"WV West Virginia",5,,
2025-02-24 00:00:00,"State","Civic Intent score",35.550279329608934,"HI Hawaii",4,,
2025-02-24 00:00:00,"State","Civic Intent score",40.68347867408271,"WI Wisconsin",8,,
2025-02-24 00:00:00,"State","Civic Intent score",40.961243016759774,"NM New Mexico",4,,
2025-02-24 00:00:00,"State","Civic Intent score",45.087930785328986,"MA Massachusetts",12,,
2025-02-24 00:00:00,"State","Civic Intent score",46.11161494107024,"AR Arkansas",5,,
2025-02-24 00:00:00,"State","Civic Intent score",46.823743016759764,"SC South Carolina",5,,
2025-02-24 00:00:00,"State","Civic Intent score",48.25484837749067,"KY Kentucky",7,,
2025-02-24 00:00:00,"State","Civic Intent score",48.33111147835343,"FL Florida",31,,
2025-02-24 00:00:00,"State","Civic Intent score",49.00168764824731,"IN Indiana",7,,
2025-02-24 00:00:00,"State","Civic Intent score",50.11009406019513,"GA Georgia",14,,
2025-02-24 00:00:00,"State","Civic Intent score",51.78508926414866,"OH Ohio",12,,
2025-02-24 00:00:00,"State","Civic Intent score",52.875524498066795,"NC North Carolina",19,,
2025-02-24 00:00:00,"State","Civic Intent score",53.69939150448976,"NY New York",31,,
2025-02-24 00:00:00,"State","Civic Intent score",54.81152357930646,"LA Louisiana",6,,
2025-02-24 00:00:00,"State","Civic Intent score",56.20700450739974,"IL Illinois",28,,
2025-02-24 00:00:00,"State","Civic Intent score",56.45876197854196,"TX Texas",36,,
2025-02-24 00:00:00,"State","Civic Intent score",57.26068925360616,"IA Iowa",8,,
2025-02-24 00:00:00,"State","Civic Intent score",57.42629320226106,"MO Missouri",5,,
2025-02-24 00:00:00,"State","Civic Intent score",57.80385023255444,"NV Nevada",7,,
2025-02-24 00:00:00,"State","Civic Intent score",59.34601423381248,"AL Alabama",7,,
2025-02-24 00:00:00,"State","Civic Intent score",59.514909891932646,"CA California",43,,
2025-02-24 00:00:00,"State","Civic Intent score",60.447999638386214,"AZ Arizona",18,,
2025-02-24 00:00:00,"State","Civic Intent score",61.60480267203539,"MN Minnesota",6,,
2025-02-24 00:00:00,"State","Civic Intent score",61.70552332465539,"TN Tennessee",9,,
2025-02-24 00:00:00,"State","Civic Intent score",63.62477425596868,"PA Pennsylvania",13,,
2025-02-24 00:00:00,"State","Civic Intent score",63.80561390009195,"WA Washington",13,,
2025-02-24 00:00:00,"State","Civic Intent score",64.28726167611013,"NE Nebraska",5,,
2025-02-24 00:00:00,"State","Civic Intent score",66.01364555896636,"MI Michigan",16,,
2025-02-24 00:00:00,"State","Civic Intent score",66.7388791412306,"VA Virginia",9,,
2025-02-24 00:00:00,"State","Civic Intent score",68.29681417573804,"NJ New Jersey",8,,
2025-02-24 00:00:00,"State","Civic Intent score",69.36721870013224,"CO Colorado",11,,
2025-02-24 00:00:00,"State","Civic Intent score",70.31173243366311,"UT Utah",6,,
2025-03-03 00:00:00,"ACP Community Type","Civic Intent score",45.62358142221304,"Working Class Country",13,,
2025-03-03 00:00:00,"ACP Community Type","Civic Intent score",46.811513479001285,"Evangelical Hubs",11,,
2025-03-03 00:00:00,"ACP Community Type","Civic Intent score",51.333942467324086,"Exurbs",42,,
2025-03-03 00:00:00,"ACP Community Type","Civic Intent score",55.1798799873326,"African American South",13,,
2025-03-03 00:00:00,"ACP Community Type","Civic Intent score",55.564166334913835,"Urban Burbs",89,,
2025-03-03 00:00:00,"ACP Community Type","Civic Intent score",57.44516351143944,"Graying America",25,,
2025-03-03 00:00:00,"ACP Community Type","Civic Intent score",57.52403847440012,"Middle Suburbs",17,,
2025-03-03 00:00:00,"ACP Community Type","Civic Intent score",58.07774315507883,"Big Cities",114,,
2025-03-03 00:00:00,"ACP Community Type","Civic Intent score",60.421509753207346,"Military Posts",9,,
2025-03-03 00:00:00,"ACP Community Type","Civic Intent score",60.71994886897631,"Rural Middle America",31,,
2025-03-03 00:00:00,"ACP Community Type","Civic Intent score",61.419331869615675,"College Towns",32,,
2025-03-03 00:00:00,"Age","Civic Intent score",53.32468625036463,"30 to 34",38,,
2025-03-03 00:00:00,"Age","Civic Intent score",54.0336831496832,"50 to 64",103,,
2025-03-03 00:00:00,"Age","Civic Intent score",54.77198672363127,"65 to 85",86,,
2025-03-03 00:00:00,"Age","Civic Intent score",57.7472049570955,"35 to 49",101,,
2025-03-03 00:00:00,"Age","Civic Intent score",58.86553618466992,"18 to 24",46,,
2025-03-03 00:00:00,"Age","Civic Intent score",64.76450072758848,"25 to 29",31,,
2025-03-03 00:00:00,"All","Civic Intent score",56.48118836446861,"All",405,,
2025-03-03 00:00:00,"Children in Home","Civic Intent score",53.984184534689945,"No children in home",282,,
2025-03-03 00:00:00,"Children in Home","Civic Intent score",62.13471234305486,"Children in home",123,,
2025-03-03 00:00:00,"Demographics","Civic Intent score",47.16071336893319,"Prefer not to answer",33,,
2025-03-03 00:00:00,"Demographics","Civic Intent score",52.00589926566528,"Under $25,000",43,,
2025-03-03 00:00:00,"Demographics","Civic Intent score",55.69011497729674,"$25,000 to $49,999",60,,
2025-03-03 00:00:00,"Demographics","Civic Intent score",57.30409409065393,"$50,000 to $74,999",67,,
2025-03-03 00:00:00,"Demographics","Civic Intent score",58.182174418262534,"$75,000 to $99,999",57,,
2025-03-03 00:00:00,"Demographics","Civic Intent score",58.68725357247572,"Over $150,000",74,,
2025-03-03 00:00:00,"Demographics","Civic Intent score",59.710092261413116,"$100,000 to $150,000",71,,
2025-03-03 00:00:00,"Ethnicity","Civic Intent score",41.54577380367262,"Prefer not to answer",13,,
2025-03-03 00:00:00,"Ethnicity","Civic Intent score",46.565729340792075,"Indigenous/ Native/First Nation",7,,
2025-03-03 00:00:00,"Ethnicity","Civic Intent score",50.159172111179664,"Other",8,,
2025-03-03 00:00:00,"Ethnicity","Civic Intent score",54.68898692249858,"Asian",20,,
2025-03-03 00:00:00,"Ethnicity","Civic Intent score",56.5160482986895,"Caucasian/White",320,,
2025-03-03 00:00:00,"Ethnicity","Civic Intent score",58.22302428657716,"Hispanic/Latino",31,,
2025-03-03 00:00:00,"Ethnicity","Civic Intent score",61.4381412246123,"African American",45,,
2025-03-03 00:00:00,"Gender","Civic Intent score",56.44381338785504,"Male",201,,
2025-03-03 00:00:00,"Gender","Civic Intent score",56.52704705490758,"Female",204,,
2025-03-03 00:00:00,"Giver Type","Civic Intent score",36.93177642779116,"Non-giver",155,,
2025-03-03 00:00:00,"Giver Type","Civic Intent score",70.55637446679005,"Gave something else",126,,
2025-03-03 00:00:00,"Giver Type","Civic Intent score",70.85184886821997,"Gave items",151,,
2025-03-03 00:00:00,"Giver Type","Civic Intent score",70.9553196169924,"Gave to registered nonprofit",187,,
2025-03-03 00:00:00,"Giver Type","Civic Intent score",71.78771437345227,"Gave to informal group",123,,
2025-03-03 00:00:00,"Giver Type","Civic Intent score",72.0311592817373,"Gave money",150,,
2025-03-03 00:00:00,"Giver Type","Civic Intent score",72.0854836712341,"Gave to individual",133,,
2025-03-03 00:00:00,"Giver Type","Civic Intent score",73.66946707294171,"Volunteered",104,,
2025-03-03 00:00:00,"Giver Type","Civic Intent score",75.1314912641431,"Advocated",81,,
2025-03-03 00:00:00,"State","Civic Intent score",39.93505586592178,"MT Montana",4,,
2025-03-03 00:00:00,"State","Civic Intent score",43.60479864741744,"WI Wisconsin",9,,
2025-03-03 00:00:00,"State","Civic Intent score",44.100441756712705,"AR Arkansas",5,,
2025-03-03 00:00:00,"State","Civic Intent score",45.082831558133215,"OR Oregon",7,,
2025-03-03 00:00:00,"State","Civic Intent score",46.86312849162011,"DE Delaware",4,,
2025-03-03 00:00:00,"State","Civic Intent score",48.051163714459335,"FL Florida",33,,
2025-03-03 00:00:00,"State","Civic Intent score",48.61929930649891,"SC South Carolina",6,,
2025-03-03 00:00:00,"State","Civic Intent score",48.662251137204976,"MA Massachusetts",14,,
2025-03-03 00:00:00,"State","Civic Intent score",50.3254189944134,"ND North Dakota",4,,
2025-03-03 00:00:00,"State","Civic Intent score",50.983240223463675,"WV West Virginia",4,,
2025-03-03 00:00:00,"State","Civic Intent score",51.18396879429499,"ID Idaho",6,,
2025-03-03 00:00:00,"State","Civic Intent score",52.08508152737143,"RI Rhode Island",5,,
2025-03-03 00:00:00,"State","Civic Intent score",53.52131186906083,"NC North Carolina",22,,
2025-03-03 00:00:00,"State","Civic Intent score",53.80030575628663,"OH Ohio",13,,
2025-03-03 00:00:00,"State","Civic Intent score",53.945405678573245,"TX Texas",31,,
2025-03-03 00:00:00,"State","Civic Intent score",54.11397789265319,"NY New York",26,,
2025-03-03 00:00:00,"State","Civic Intent score",55.152934702206174,"NV Nevada",9,,
2025-03-03 00:00:00,"State","Civic Intent score",55.15324714219066,"GA Georgia",18,,
2025-03-03 00:00:00,"State","Civic Intent score",55.67963222700074,"IN Indiana",8,,
2025-03-03 00:00:00,"State","Civic Intent score",56.38465364040337,"IL Illinois",26,,
2025-03-03 00:00:00,"State","Civic Intent score",57.21240876495998,"MS Mississippi",6,,
2025-03-03 00:00:00,"State","Civic Intent score",58.62767478588202,"CA California",41,,
2025-03-03 00:00:00,"State","Civic Intent score",60.28585357087542,"AZ Arizona",17,,
2025-03-03 00:00:00,"State","Civic Intent score",60.66991192707289,"KY Kentucky",6,,
2025-03-03 00:00:00,"State","Civic Intent score",60.834148044692725,"ME Maine",4,,
2025-03-03 00:00:00,"State","Civic Intent score",61.769647203122005,"MD Maryland",13,,
2025-03-03 00:00:00,"State","Civic Intent score",62.21112227470552,"WA Washington",9,,
2025-03-03 00:00:00,"State","Civic Intent score",62.49389096762419,"MO Missouri",5,,
2025-03-03 00:00:00,"State","Civic Intent score",63.42428084657649,"MI Michigan",14,,
2025-03-03 00:00:00,"State","Civic Intent score",64.01075815292252,"VA Virginia",6,,
2025-03-03 00:00:00,"State","Civic Intent score",64.61193368013723,"NJ New Jersey",9,,
2025-03-03 00:00:00,"State","Civic Intent score",64.98922789421925,"CO Colorado",13,,
2025-03-03 00:00:00,"State","Civic Intent score",66.84768513041962,"PA Pennsylvania",13,,
2025-03-03 00:00:00,"State","Civic Intent score",70.63497099218984,"TN Tennessee",10,,
2025-03-10 00:00:00,"ACP Community Type","Civic Intent score",45.151704583416155,"Working Class Country",12,,
2025-03-10 00:00:00,"ACP Community Type","Civic Intent score",45.92909786894379,"Hispanic Centers",16,,
2025-03-10 00:00:00,"ACP Community Type","Civic Intent score",48.85440865625563,"Evangelical Hubs",15,,
2025-03-10 00:00:00,"ACP Community Type","Civic Intent score",53.94847384368744,"Exurbs",42,,
2025-03-10 00:00:00,"ACP Community Type","Civic Intent score",54.02208165981999,"Middle Suburbs",19,,
2025-03-10 00:00:00,"ACP Community Type","Civic Intent score",57.821894814145594,"Big Cities",99,,
2025-03-10 00:00:00,"ACP Community Type","Civic Intent score",58.344772214657766,"Graying America",25,,
2025-03-10 00:00:00,"ACP Community Type","Civic Intent score",58.560889523652826,"African American South",14,,
2025-03-10 00:00:00,"ACP Community Type","Civic Intent score",58.683598106476786,"Urban Burbs",88,,
2025-03-10 00:00:00,"ACP Community Type","Civic Intent score",59.15296323868367,"Rural Middle America",34,,
2025-03-10 00:00:00,"ACP Community Type","Civic Intent score",59.88099829729117,"Military Posts",10,,
2025-03-10 00:00:00,"ACP Community Type","Civic Intent score",61.56244139630186,"College Towns",35,,
2025-03-10 00:00:00,"ACP Community Type","Civic Intent score",66.83327859926605,"LDS Enclaves",6,,
2025-03-10 00:00:00,"Age","Civic Intent score",54.38224516919155,"50 to 64",103,,
2025-03-10 00:00:00,"Age","Civic Intent score",56.87098288088919,"30 to 34",39,,
2025-03-10 00:00:00,"Age","Civic Intent score",57.52539293387906,"25 to 29",30,,
2025-03-10 00:00:00,"Age","Civic Intent score",57.95543976552592,"65 to 85",85,,
2025-03-10 00:00:00,"Age","Civic Intent score",58.023739341548875,"35 to 49",101,,
2025-03-10 00:00:00,"Age","Civic Intent score",59.294952686123665,"18 to 24",45,,
2025-03-10 00:00:00,"All","Civic Intent score",57.08588438399051,"All",403,,
2025-03-10 00:00:00,"Children in Home","Civic Intent score",55.03624247799924,"No children in home",274,,
2025-03-10 00:00:00,"Children in Home","Civic Intent score",61.390114280016206,"Children in home",129,,
2025-03-10 00:00:00,"Demographics","Civic Intent score",51.758878084136626,"Prefer not to answer",36,,
2025-03-10 00:00:00,"Demographics","Civic Intent score",54.10234150173889,"Under $25,000",46,,
2025-03-10 00:00:00,"Demographics","Civic Intent score",57.43503869821051,"$25,000 to $49,999",55,,
2025-03-10 00:00:00,"Demographics","Civic Intent score",57.58313351497374,"Over $150,000",66,,
2025-03-10 00:00:00,"Demographics","Civic Intent score",57.610935511482374,"$50,000 to $74,999",66,,
2025-03-10 00:00:00,"Demographics","Civic Intent score",58.634935939347685,"$100,000 to $150,000",79,,
2025-03-10 00:00:00,"Demographics","Civic Intent score",59.10496728987567,"$75,000 to $99,999",55,,
2025-03-10 00:00:00,"Ethnicity","Civic Intent score",47.05527617135311,"Prefer not to answer",13,,
2025-03-10 00:00:00,"Ethnicity","Civic Intent score",55.13557395274092,"Hispanic/Latino",39,,
2025-03-10 00:00:00,"Ethnicity","Civic Intent score",56.121140706927726,"Asian",25,,
2025-03-10 00:00:00,"Ethnicity","Civic Intent score",57.32996301723082,"Caucasian/White",318,,
2025-03-10 00:00:00,"Ethnicity","Civic Intent score",57.85542553765469,"Eastern or Central European",6,,
2025-03-10 00:00:00,"Ethnicity","Civic Intent score",60.814043499537696,"Indigenous/ Native/First Nation",5,,
2025-03-10 00:00:00,"Ethnicity","Civic Intent score",61.62232084215451,"African American",45,,
2025-03-10 00:00:00,"Gender","Civic Intent score",56.791158245474556,"Male",200,,
2025-03-10 00:00:00,"Gender","Civic Intent score",57.3653125684584,"Female",203,,
2025-03-10 00:00:00,"Giver Type","Civic Intent score",37.886640570313006,"Non-giver",143,,
2025-03-10 00:00:00,"Giver Type","Civic Intent score",70.00028622066156,"Gave items",149,,
2025-03-10 00:00:00,"Giver Type","Civic Intent score",70.17721964200955,"Gave to registered nonprofit",191,,
2025-03-10 00:00:00,"Giver Type","Civic Intent score",70.5905975822327,"Gave something else",127,,
2025-03-10 00:00:00,"Giver Type","Civic Intent score",70.73079262024147,"Gave to informal group",130,,
2025-03-10 00:00:00,"Giver Type","Civic Intent score",70.797675227936,"Gave to individual",134,,
2025-03-10 00:00:00,"Giver Type","Civic Intent score",71.83905653610724,"Gave money",151,,
2025-03-10 00:00:00,"Giver Type","Civic Intent score",72.72435570404086,"Volunteered",101,,
2025-03-10 00:00:00,"Giver Type","Civic Intent score",74.13523783436,"Advocated",80,,
2025-03-10 00:00:00,"State","Civic Intent score",34.11061452513966,"OR Oregon",5,,
2025-03-10 00:00:00,"State","Civic Intent score",46.08498171975179,"WI Wisconsin",10,,
2025-03-10 00:00:00,"State","Civic Intent score",48.650163051841766,"NM New Mexico",5,,
2025-03-10 00:00:00,"State","Civic Intent score",49.37584765726195,"MA Massachusetts",11,,
2025-03-10 00:00:00,"State","Civic Intent score",49.53489773639258,"MS Mississippi",5,,
2025-03-10 00:00:00,"State","Civic Intent score",50.74351752209085,"SC South Carolina",7,,
2025-03-10 00:00:00,"State","Civic Intent score",52.245537734276894,"FL Florida",31,,
2025-03-10 00:00:00,"State","Civic Intent score",53.50211773436634,"AR Arkansas",5,,
2025-03-10 00:00:00,"State","Civic Intent score",53.87734449010393,"CA California",38,,
2025-03-10 00:00:00,"State","Civic Intent score",54.90010198714915,"IL Illinois",20,,
2025-03-10 00:00:00,"State","Civic Intent score",55.28287082422917,"IN Indiana",13,,
2025-03-10 00:00:00,"State","Civic Intent score",55.60971115380963,"VA Virginia",8,,
2025-03-10 00:00:00,"State","Civic Intent score",55.790298956627815,"DC District of Columbia",5,,
2025-03-10 00:00:00,"State","Civic Intent score",55.90985162719297,"NY New York",26,,
2025-03-10 00:00:00,"State","Civic Intent score",56.00672042843817,"OH Ohio",15,,
2025-03-10 00:00:00,"State","Civic Intent score",56.390006014017764,"NC North Carolina",20,,
2025-03-10 00:00:00,"State","Civic Intent score",56.80116116208628,"MN Minnesota",5,,
2025-03-10 00:00:00,"State","Civic Intent score",56.86146095510433,"TX Texas",28,,
2025-03-10 00:00:00,"State","Civic Intent score",57.263312825303025,"AL Alabama",6,,
2025-03-10 00:00:00,"State","Civic Intent score",58.18044642803697,"TN Tennessee",13,,
2025-03-10 00:00:00,"State","Civic Intent score",58.669696197906454,"IA Iowa",8,,
2025-03-10 00:00:00,"State","Civic Intent score",58.74768569867987,"NV Nevada",8,,
2025-03-10 00:00:00,"State","Civic Intent score",60.585287060715736,"AZ Arizona",15,,
2025-03-10 00:00:00,"State","Civic Intent score",61.3729431673535,"GA Georgia",17,,
2025-03-10 00:00:00,"State","Civic Intent score",61.74019110060405,"WA Washington",8,,
2025-03-10 00:00:00,"State","Civic Intent score",62.655681187614114,"MI Michigan",12,,
2025-03-10 00:00:00,"State","Civic Intent score",63.059012375695815,"CO Colorado",13,,
2025-03-10 00:00:00,"State","Civic Intent score",63.26184057026757,"NJ New Jersey",9,,
2025-03-10 00:00:00,"State","Civic Intent score",63.54853351955306,"OK Oklahoma",4,,
2025-03-10 00:00:00,"State","Civic Intent score",63.94189156846686,"PA Pennsylvania",17,,
2025-03-10 00:00:00,"State","Civic Intent score",65.01595800673034,"MO Missouri",5,,
2025-03-10 00:00:00,"State","Civic Intent score",66.32023680959905,"KY Kentucky",6,,
2025-03-10 00:00:00,"State","Civic Intent score",68.82313004335916,"UT Utah",7,,
2025-03-10 00:00:00,"State","Civic Intent score",74.70595725190063,"MD Maryland",8,,
2025-03-17 00:00:00,"ACP Community Type","Civic Intent score",44.72418460604283,"Hispanic Centers",14,,
2025-03-17 00:00:00,"ACP Community Type","Civic Intent score",50.284916201117305,"Aging Farmlands",4,,
2025-03-17 00:00:00,"ACP Community Type","Civic Intent score",54.07977793792651,"Not available",6,,
2025-03-17 00:00:00,"ACP Community Type","Civic Intent score",54.13873291037263,"Evangelical Hubs",16,,
2025-03-17 00:00:00,"ACP Community Type","Civic Intent score",55.09248639270788,"Middle Suburbs",20,,
2025-03-17 00:00:00,"ACP Community Type","Civic Intent score",55.735462121341314,"African American South",14,,
2025-03-17 00:00:00,"ACP Community Type","Civic Intent score",57.267023818582096,"Exurbs",36,,
2025-03-17 00:00:00,"ACP Community Type","Civic Intent score",57.43726219946966,"Big Cities",104,,
2025-03-17 00:00:00,"ACP Community Type","Civic Intent score",57.768312039362456,"Working Class Country",10,,
2025-03-17 00:00:00,"ACP Community Type","Civic Intent score",59.54614299807378,"College Towns",36,,
2025-03-17 00:00:00,"ACP Community Type","Civic Intent score",61.43318365626969,"Urban Burbs",90,,
2025-03-17 00:00:00,"ACP Community Type","Civic Intent score",61.87712916718365,"Rural Middle America",34,,
2025-03-17 00:00:00,"ACP Community Type","Civic Intent score",63.28035044723812,"Graying America",21,,
2025-03-17 00:00:00,"ACP Community Type","Civic Intent score",66.99003498388251,"LDS Enclaves",5,,
2025-03-17 00:00:00,"Age","Civic Intent score",55.39378971813856,"50 to 64",102,,
2025-03-17 00:00:00,"Age","Civic Intent score",57.52042696608818,"65 to 85",85,,
2025-03-17 00:00:00,"Age","Civic Intent score",58.371474515583095,"30 to 34",37,,
2025-03-17 00:00:00,"Age","Civic Intent score",59.61045853998985,"35 to 49",102,,
2025-03-17 00:00:00,"Age","Civic Intent score",60.44619390414801,"25 to 29",31,,
2025-03-17 00:00:00,"Age","Civic Intent score",62.79887216133593,"18 to 24",45,,
2025-03-17 00:00:00,"All","Civic Intent score",58.47277918214793,"All",402,,
2025-03-17 00:00:00,"Children in Home","Civic Intent score",56.79189985189274,"No children in home",265,,
2025-03-17 00:00:00,"Children in Home","Civic Intent score",61.69540299636714,"Children in home",137,,
2025-03-17 00:00:00,"Demographics","Civic Intent score",52.7020424673195,"Under $25,000",48,,
2025-03-17 00:00:00,"Demographics","Civic Intent score",58.10262237494829,"$100,000 to $150,000",79,,
2025-03-17 00:00:00,"Demographics","Civic Intent score",58.51945749042115,"$25,000 to $49,999",56,,
2025-03-17 00:00:00,"Demographics","Civic Intent score",59.07007728651077,"Prefer not to answer",31,,
2025-03-17 00:00:00,"Demographics","Civic Intent score",59.124464375776554,"$75,000 to $99,999",55,,
2025-03-17 00:00:00,"Demographics","Civic Intent score",59.98372413610271,"$50,000 to $74,999",66,,
2025-03-17 00:00:00,"Demographics","Civic Intent score",60.4835287243694,"Over $150,000",67,,
2025-03-17 00:00:00,"Ethnicity","Civic Intent score",49.5078199911358,"Other",7,,
2025-03-17 00:00:00,"Ethnicity","Civic Intent score",55.017552136752606,"Hispanic/Latino",43,,
2025-03-17 00:00:00,"Ethnicity","Civic Intent score",58.30278236511127,"Asian",21,,
2025-03-17 00:00:00,"Ethnicity","Civic Intent score",58.3801939987851,"Prefer not to answer",8,,
2025-03-17 00:00:00,"Ethnicity","Civic Intent score",58.6480085629839,"Caucasian/White",314,,
2025-03-17 00:00:00,"Ethnicity","Civic Intent score",63.534262928557325,"African American",47,,
2025-03-17 00:00:00,"Gender","Civic Intent score",58.29048841139661,"Female",203,,
2025-03-17 00:00:00,"Gender","Civic Intent score",58.668209250926225,"Male",199,,
2025-03-17 00:00:00,"Giver Type","Civic Intent score",39.81402280438689,"Non-giver",140,,
2025-03-17 00:00:00,"Giver Type","Civic Intent score",70.62989833606883,"Gave something else",137,,
2025-03-17 00:00:00,"Giver Type","Civic Intent score",70.92667047351283,"Gave to registered nonprofit",197,,
2025-03-17 00:00:00,"Giver Type","Civic Intent score",71.24255352909564,"Gave to informal group",136,,
2025-03-17 00:00:00,"Giver Type","Civic Intent score",71.47010292314543,"Gave items",151,,
2025-03-17 00:00:00,"Giver Type","Civic Intent score",71.59611246896077,"Gave to individual",139,,
2025-03-17 00:00:00,"Giver Type","Civic Intent score",71.65962112031943,"Gave money",158,,
2025-03-17 00:00:00,"Giver Type","Civic Intent score",73.38190316622723,"Volunteered",104,,
2025-03-17 00:00:00,"Giver Type","Civic Intent score",74.32579691568009,"Advocated",92,,
2025-03-17 00:00:00,"State","Civic Intent score",41.75977653631285,"MS Mississippi",4,,
2025-03-17 00:00:00,"State","Civic Intent score",46.76424581005586,"OR Oregon",5,,
2025-03-17 00:00:00,"State","Civic Intent score",52.38065773737493,"NY New York",25,,
2025-03-17 00:00:00,"State","Civic Intent score",52.497450723136424,"CT Connecticut",7,,
2025-03-17 00:00:00,"State","Civic Intent score",53.4032671758448,"MA Massachusetts",10,,
2025-03-17 00:00:00,"State","Civic Intent score",54.09797611000484,"IN Indiana",13,,
2025-03-17 00:00:00,"State","Civic Intent score",54.107475500038014,"OK Oklahoma",5,,
2025-03-17 00:00:00,"State","Civic Intent score",54.27100787563957,"WI Wisconsin",11,,
2025-03-17 00:00:00,"State","Civic Intent score",55.28871071125301,"VA Virginia",7,,
2025-03-17 00:00:00,"State","Civic Intent score",55.94224783325037,"AZ Arizona",14,,
2025-03-17 00:00:00,"State","Civic Intent score",56.33318766863896,"CA California",36,,
2025-03-17 00:00:00,"State","Civic Intent score",56.9988400554668,"TX Texas",29,,
2025-03-17 00:00:00,"State","Civic Intent score",57.01276695846618,"NC North Carolina",19,,
2025-03-17 00:00:00,"State","Civic Intent score",57.11998422499886,"AR Arkansas",6,,
2025-03-17 00:00:00,"State","Civic Intent score",57.21962703768638,"FL Florida",32,,
2025-03-17 00:00:00,"State","Civic Intent score",59.09287709497206,"SD South Dakota",4,,
2025-03-17 00:00:00,"State","Civic Intent score",59.23994439900894,"IL Illinois",18,,
2025-03-17 00:00:00,"State","Civic Intent score",59.60350404309624,"TN Tennessee",14,,
2025-03-17 00:00:00,"State","Civic Intent score",59.877758640973916,"WA Washington",7,,
2025-03-17 00:00:00,"State","Civic Intent score",61.13217623867758,"NV Nevada",9,,
2025-03-17 00:00:00,"State","Civic Intent score",61.564694866606764,"GA Georgia",16,,
2025-03-17 00:00:00,"State","Civic Intent score",61.93546307569486,"CO Colorado",10,,
2025-03-17 00:00:00,"State","Civic Intent score",62.10989092557829,"LA Louisiana",6,,
2025-03-17 00:00:00,"State","Civic Intent score",62.39840717673443,"OH Ohio",13,,
2025-03-17 00:00:00,"State","Civic Intent score",63.042861800888794,"MI Michigan",14,,
2025-03-17 00:00:00,"State","Civic Intent score",65.1971054149085,"UT Utah",6,,
2025-03-17 00:00:00,"State","Civic Intent score",65.94668508893281,"PA Pennsylvania",21,,
2025-03-17 00:00:00,"State","Civic Intent score",66.32023680959905,"KY Kentucky",6,,
2025-03-17 00:00:00,"State","Civic Intent score",67.49683834035064,"MO Missouri",7,,
2025-03-17 00:00:00,"State","Civic Intent score",70.30656424581004,"NE Nebraska",4,,
2025-03-24 00:00:00,"ACP Community Type","Civic Intent score",46.464859000822926,"Hispanic Centers",15,,
2025-03-24 00:00:00,"ACP Community Type","Civic Intent score",56.79643965361394,"Graying America",24,,
2025-03-24 00:00:00,"ACP Community Type","Civic Intent score",56.99115503246161,"Exurbs",32,,
2025-03-24 00:00:00,"ACP Community Type","Civic Intent score",57.1558320406192,"African American South",13,,
2025-03-24 00:00:00,"ACP Community Type","Civic Intent score",58.07263374558868,"Middle Suburbs",22,,
2025-03-24 00:00:00,"ACP Community Type","Civic Intent score",58.073011095569235,"College Towns",36,,
2025-03-24 00:00:00,"ACP Community Type","Civic Intent score",58.19516442364645,"Rural Middle America",34,,
2025-03-24 00:00:00,"ACP Community Type","Civic Intent score",59.14179669530952,"Evangelical Hubs",16,,
2025-03-24 00:00:00,"ACP Community Type","Civic Intent score",59.217070972465265,"Urban Burbs",93,,
2025-03-24 00:00:00,"ACP Community Type","Civic Intent score",59.26492290780807,"Military Posts",14,,
2025-03-24 00:00:00,"ACP Community Type","Civic Intent score",59.81438400530037,"Big Cities",95,,
2025-03-24 00:00:00,"ACP Community Type","Civic Intent score",67.68849143804893,"Working Class Country",8,,
2025-03-24 00:00:00,"Age","Civic Intent score",55.333412537197006,"50 to 64",101,,
2025-03-24 00:00:00,"Age","Civic Intent score",57.415907234814696,"30 to 34",39,,
2025-03-24 00:00:00,"Age","Civic Intent score",58.17721137682585,"65 to 85",86,,
2025-03-24 00:00:00,"Age","Civic Intent score",58.25216471203354,"35 to 49",103,,
2025-03-24 00:00:00,"Age","Civic Intent score",61.53749312591596,"25 to 29",27,,
2025-03-24 00:00:00,"Age","Civic Intent score",62.7642861156822,"18 to 24",46,,
2025-03-24 00:00:00,"All","Civic Intent score",58.2312518001047,"All",402,,
2025-03-24 00:00:00,"Children in Home","Civic Intent score",56.6255494775566,"No children in home",271,,
2025-03-24 00:00:00,"Children in Home","Civic Intent score",61.50469743508934,"Children in home",131,,
2025-03-24 00:00:00,"Demographics","Civic Intent score",50.557898141436056,"Under $25,000",50,,
2025-03-24 00:00:00,"Demographics","Civic Intent score",53.78884369115625,"Prefer not to answer",31,,
2025-03-24 00:00:00,"Demographics","Civic Intent score",58.43931693161182,"$25,000 to $49,999",58,,
2025-03-24 00:00:00,"Demographics","Civic Intent score",58.77846634226485,"$50,000 to $74,999",64,,
2025-03-24 00:00:00,"Demographics","Civic Intent score",60.36455439164268,"$100,000 to $150,000",73,,
2025-03-24 00:00:00,"Demographics","Civic Intent score",60.54206590014278,"Over $150,000",69,,
2025-03-24 00:00:00,"Demographics","Civic Intent score",60.94449309312175,"$75,000 to $99,999",57,,
2025-03-24 00:00:00,"Ethnicity","Civic Intent score",55.188275197279445,"Hispanic/Latino",36,,
2025-03-24 00:00:00,"Ethnicity","Civic Intent score",57.784756729900565,"Caucasian/White",313,,
2025-03-24 00:00:00,"Ethnicity","Civic Intent score",59.12822407304267,"Asian",20,,
2025-03-24 00:00:00,"Ethnicity","Civic Intent score",59.523623997493104,"Prefer not to answer",8,,
2025-03-24 00:00:00,"Ethnicity","Civic Intent score",64.31700823714407,"African American",50,,
2025-03-24 00:00:00,"Gender","Civic Intent score",57.99312240502773,"Male",198,,
2025-03-24 00:00:00,"Gender","Civic Intent score",58.476816363588775,"Female",204,,
2025-03-24 00:00:00,"Giver Type","Civic Intent score",39.34777575865261,"Non-giver",146,,
2025-03-24 00:00:00,"Giver Type","Civic Intent score",71.19322653850587,"Gave to registered nonprofit",187,,
2025-03-24 00:00:00,"Giver Type","Civic Intent score",71.45406680999506,"Gave something else",126,,
2025-03-24 00:00:00,"Giver Type","Civic Intent score",72.0485401692772,"Gave items",142,,
2025-03-24 00:00:00,"Giver Type","Civic Intent score",72.11069012000404,"Gave money",153,,
2025-03-24 00:00:00,"Giver Type","Civic Intent score",72.17566338708656,"Gave to individual",135,,
2025-03-24 00:00:00,"Giver Type","Civic Intent score",72.38543879202125,"Gave to informal group",139,,
2025-03-24 00:00:00,"Giver Type","Civic Intent score",72.60586801366506,"Volunteered",111,,
2025-03-24 00:00:00,"Giver Type","Civic Intent score",74.59023412981975,"Advocated",89,,
2025-03-24 00:00:00,"State","Civic Intent score",48.3893156424581,"DE Delaware",4,,
2025-03-24 00:00:00,"State","Civic Intent score",50.213623964724455,"NH New Hampshire",6,,
2025-03-24 00:00:00,"State","Civic Intent score",51.0154398221754,"CO Colorado",10,,
2025-03-24 00:00:00,"State","Civic Intent score",51.113687150837976,"OR Oregon",5,,
2025-03-24 00:00:00,"State","Civic Intent score",52.56285877554701,"WA Washington",6,,
2025-03-24 00:00:00,"State","Civic Intent score",52.815045023539895,"NY New York",22,,
2025-03-24 00:00:00,"State","Civic Intent score",52.92140379655707,"VA Virginia",11,,
2025-03-24 00:00:00,"State","Civic Intent score",53.266534302843844,"TN Tennessee",12,,
2025-03-24 00:00:00,"State","Civic Intent score",54.90039485849079,"AZ Arizona",9,,
2025-03-24 00:00:00,"State","Civic Intent score",55.21470365743846,"NC North Carolina",17,,
2025-03-24 00:00:00,"State","Civic Intent score",56.03351955307263,"MS Mississippi",5,,
2025-03-24 00:00:00,"State","Civic Intent score",56.22347903865671,"IN Indiana",14,,
2025-03-24 00:00:00,"State","Civic Intent score",56.50558659217876,"WY Wyoming",4,,
2025-03-24 00:00:00,"State","Civic Intent score",56.806036829768345,"CA California",41,,
2025-03-24 00:00:00,"State","Civic Intent score",57.48247772757753,"DC District of Columbia",5,,
2025-03-24 00:00:00,"State","Civic Intent score",57.54677019461886,"FL Florida",33,,
2025-03-24 00:00:00,"State","Civic Intent score",57.82483598866036,"IA Iowa",7,,
2025-03-24 00:00:00,"State","Civic Intent score",57.89635417024306,"MI Michigan",14,,
2025-03-24 00:00:00,"State","Civic Intent score",58.19800127330336,"WI Wisconsin",11,,
2025-03-24 00:00:00,"State","Civic Intent score",58.24551273358327,"SC South Carolina",7,,
2025-03-24 00:00:00,"State","Civic Intent score",58.9046787709497,"ND North Dakota",4,,
2025-03-24 00:00:00,"State","Civic Intent score",59.26556287678156,"PA Pennsylvania",22,,
2025-03-24 00:00:00,"State","Civic Intent score",59.650305631812024,"TX Texas",26,,
2025-03-24 00:00:00,"State","Civic Intent score",60.16743147002977,"OH Ohio",15,,
2025-03-24 00:00:00,"State","Civic Intent score",60.77909017570168,"GA Georgia",20,,
2025-03-24 00:00:00,"State","Civic Intent score",61.45132847910787,"MA Massachusetts",10,,
2025-03-24 00:00:00,"State","Civic Intent score",62.69565896617799,"IL Illinois",15,,
2025-03-24 00:00:00,"State","Civic Intent score",62.74204023096984,"NJ New Jersey",11,,
2025-03-24 00:00:00,"State","Civic Intent score",65.30886087805763,"NV Nevada",9,,
2025-03-24 00:00:00,"State","Civic Intent score",65.99110529616449,"MN Minnesota",5,,
2025-03-24 00:00:00,"State","Civic Intent score",67.51428574882347,"KY Kentucky",7,,
2025-03-24 00:00:00,"State","Civic Intent score",69.66155123318035,"MO Missouri",6,,
2025-03-24 00:00:00,"State","Civic Intent score",75.56430837601208,"MD Maryland",7,,
2025-03-31 00:00:00,"ACP Community Type","Civic Intent score",51.76650956664164,"Hispanic Centers",19,,
2025-03-31 00:00:00,"ACP Community Type","Civic Intent score",54.13926774952137,"Military Posts",14,,
2025-03-31 00:00:00,"ACP Community Type","Civic Intent score",54.53937473204154,"Graying America",18,,
2025-03-31 00:00:00,"ACP Community Type","Civic Intent score",56.591218195683304,"Middle Suburbs",18,,
2025-03-31 00:00:00,"ACP Community Type","Civic Intent score",57.13467853891613,"College Towns",37,,
2025-03-31 00:00:00,"ACP Community Type","Civic Intent score",58.26296845900805,"Rural Middle America",32,,
2025-03-31 00:00:00,"ACP Community Type","Civic Intent score",59.61089324965406,"Urban Burbs",97,,
2025-03-31 00:00:00,"ACP Community Type","Civic Intent score",59.85571329633366,"Exurbs",40,,
2025-03-31 00:00:00,"ACP Community Type","Civic Intent score",61.308567317684904,"Big Cities",87,,
2025-03-31 00:00:00,"ACP Community Type","Civic Intent score",62.654996036260385,"African American South",15,,
2025-03-31 00:00:00,"ACP Community Type","Civic Intent score",65.39584696647626,"Working Class Country",7,,
2025-03-31 00:00:00,"ACP Community Type","Civic Intent score",72.83120133775809,"LDS Enclaves",6,,
2025-03-31 00:00:00,"Age","Civic Intent score",55.71470848623585,"30 to 34",40,,
2025-03-31 00:00:00,"Age","Civic Intent score",55.87855338721455,"50 to 64",102,,
2025-03-31 00:00:00,"Age","Civic Intent score",59.264891079513724,"35 to 49",102,,
2025-03-31 00:00:00,"Age","Civic Intent score",59.947858939331816,"25 to 29",26,,
2025-03-31 00:00:00,"Age","Civic Intent score",60.59050460996295,"65 to 85",86,,
2025-03-31 00:00:00,"Age","Civic Intent score",63.31973334521101,"18 to 24",46,,
2025-03-31 00:00:00,"All","Civic Intent score",58.89069230074577,"All",402,,
2025-03-31 00:00:00,"Children in Home","Civic Intent score",57.32582317491738,"No children in home",279,,
2025-03-31 00:00:00,"Children in Home","Civic Intent score",62.282959481734565,"Children in home",123,,
2025-03-31 00:00:00,"Demographics","Civic Intent score",53.417547486019664,"Under $25,000",50,,
2025-03-31 00:00:00,"Demographics","Civic Intent score",55.41261219562093,"Prefer not to answer",31,,
2025-03-31 00:00:00,"Demographics","Civic Intent score",57.53169407217447,"$25,000 to $49,999",51,,
2025-03-31 00:00:00,"Demographics","Civic Intent score",59.73378104908332,"$50,000 to $74,999",65,,
2025-03-31 00:00:00,"Demographics","Civic Intent score",60.130541981599684,"$100,000 to $150,000",75,,
2025-03-31 00:00:00,"Demographics","Civic Intent score",60.25340361850138,"Over $150,000",67,,
2025-03-31 00:00:00,"Demographics","Civic Intent score",62.24588903445994,"$75,000 to $99,999",63,,
2025-03-31 00:00:00,"Ethnicity","Civic Intent score",56.99995417678706,"Asian",23,,
2025-03-31 00:00:00,"Ethnicity","Civic Intent score",58.14619828320496,"Caucasian/White",306,,
2025-03-31 00:00:00,"Ethnicity","Civic Intent score",58.43709661940082,"Hispanic/Latino",37,,
2025-03-31 00:00:00,"Ethnicity","Civic Intent score",60.009059248865924,"Other",6,,
2025-03-31 00:00:00,"Ethnicity","Civic Intent score",60.620714673281974,"Indigenous/ Native/First Nation",5,,
2025-03-31 00:00:00,"Ethnicity","Civic Intent score",63.89388172070924,"African American",50,,
2025-03-31 00:00:00,"Gender","Civic Intent score",58.11969568787275,"Male",201,,
2025-03-31 00:00:00,"Gender","Civic Intent score",59.635843557079916,"Female",201,,
2025-03-31 00:00:00,"Giver Type","Civic Intent score",38.91220451207181,"Non-giver",137,,
2025-03-31 00:00:00,"Giver Type","Civic Intent score",71.15853876868213,"Gave to registered nonprofit",194,,
2025-03-31 00:00:00,"Giver Type","Civic Intent score",71.63869112365083,"Gave something else",133,,
2025-03-31 00:00:00,"Giver Type","Civic Intent score",71.9141418607593,"Gave to informal group",146,,
2025-03-31 00:00:00,"Giver Type","Civic Intent score",71.98349391223095,"Gave money",153,,
2025-03-31 00:00:00,"Giver Type","Civic Intent score",71.98377072898343,"Gave items",152,,
2025-03-31 00:00:00,"Giver Type","Civic Intent score",72.50227315800448,"Volunteered",104,,
2025-03-31 00:00:00,"Giver Type","Civic Intent score",72.83547803052724,"Gave to individual",139,,
2025-03-31 00:00:00,"Giver Type","Civic Intent score",74.23215110381932,"Advocated",92,,
2025-03-31 00:00:00,"State","Civic Intent score",47.980446927374295,"WV West Virginia",4,,
2025-03-31 00:00:00,"State","Civic Intent score",49.57883319769831,"CO Colorado",10,,
2025-03-31 00:00:00,"State","Civic Intent score",51.74950694212566,"TN Tennessee",14,,
2025-03-31 00:00:00,"State","Civic Intent score",52.72127034954949,"AZ Arizona",11,,
2025-03-31 00:00:00,"State","Civic Intent score",53.02259536383978,"NC North Carolina",16,,
2025-03-31 00:00:00,"State","Civic Intent score",53.53361990697877,"NJ New Jersey",15,,
2025-03-31 00:00:00,"State","Civic Intent score",53.706703910614515,"NE Nebraska",4,,
2025-03-31 00:00:00,"State","Civic Intent score",54.112697630340406,"KS Kansas",5,,
2025-03-31 00:00:00,"State","Civic Intent score",54.30823321980096,"VA Virginia",14,,
2025-03-31 00:00:00,"State","Civic Intent score",55.64146828287698,"IN Indiana",11,,
2025-03-31 00:00:00,"State","Civic Intent score",55.84355068798327,"OR Oregon",5,,
2025-03-31 00:00:00,"State","Civic Intent score",56.17431602627872,"DC District of Columbia",6,,
2025-03-31 00:00:00,"State","Civic Intent score",56.185754189944134,"DE Delaware",4,,
2025-03-31 00:00:00,"State","Civic Intent score",56.52479050279329,"VT Vermont",4,,
2025-03-31 00:00:00,"State","Civic Intent score",56.599771633451546,"MI Michigan",14,,
2025-03-31 00:00:00,"State","Civic Intent score",57.20947170989551,"PA Pennsylvania",19,,
2025-03-31 00:00:00,"State","Civic Intent score",57.410621103586855,"MA Massachusetts",10,,
2025-03-31 00:00:00,"State","Civic Intent score",58.10600273101405,"WA Washington",8,,
2025-03-31 00:00:00,"State","Civic Intent score",58.35047061330363,"NY New York",22,,
2025-03-31 00:00:00,"State","Civic Intent score",59.24396118709373,"GA Georgia",19,,
2025-03-31 00:00:00,"State","Civic Intent score",60.129567401902406,"CA California",43,,
2025-03-31 00:00:00,"State","Civic Intent score",60.145040387218934,"FL Florida",27,,
2025-03-31 00:00:00,"State","Civic Intent score",60.947987428127846,"OH Ohio",12,,
2025-03-31 00:00:00,"State","Civic Intent score",62.688848148092866,"WI Wisconsin",11,,
2025-03-31 00:00:00,"State","Civic Intent score",62.899403604705526,"TX Texas",28,,
2025-03-31 00:00:00,"State","Civic Intent score",64.32561295095793,"AL Alabama",8,,
2025-03-31 00:00:00,"State","Civic Intent score",64.63116724455571,"MN Minnesota",8,,
2025-03-31 00:00:00,"State","Civic Intent score",65.38509620453291,"IL Illinois",14,,
2025-03-31 00:00:00,"State","Civic Intent score",65.67353308639183,"MD Maryland",8,,
2025-03-31 00:00:00,"State","Civic Intent score",68.98458653878255,"MO Missouri",7,,
2025-03-31 00:00:00,"State","Civic Intent score",72.83120133775809,"UT Utah",6,,